序号,单词,音标,词性,中文释义,学段分类,场景归属
1,aboard,-,adv.,在（船、飞机等）上,中考考纲词汇,06_交通出行与地理旅游
2,abroad,-,adv.,到国外；在国外；广为流传,中考考纲词汇,09_核心行为与动作动词
3,absent,-,adj.,缺席的；不在场的；心不在焉的,中考考纲词汇,10_情感态度与性质修饰
4,absorb,-,v.,吸收；理解；掌握,中考考纲词汇,02_学校教育与学科学习
5,accent,-,n.,重音；口音；读音符号,中考考纲词汇,03_饮食烹饪与健康医疗
6,access,-,n.,通路；查阅（或使用、接近）的机会（或权利）,中考考纲词汇,08_职业工作与社会科技
7,accident,-,n.,事故；意外；偶然事件,中考考纲词汇,08_职业工作与社会科技
8,accompany,-,v.,陪伴；伴随,中考考纲词汇,09_核心行为与动作动词
9,account,-,n.,账户；解释,中考考纲词汇,08_职业工作与社会科技
10,accredit,-,v.,把...归于；委任,中考考纲词汇,09_核心行为与动作动词
11,accurate,-,adj.,准确的；正确无误的,中考考纲词汇,10_情感态度与性质修饰
12,accuse,-,v.,控告；指责,中考考纲词汇,09_核心行为与动作动词
13,accustom,-,v.,使习惯于,中考考纲词汇,09_核心行为与动作动词
14,achieve,-,v.,实现；到达,中考考纲词汇,09_核心行为与动作动词
15,acoustic,-,adj.,听觉的；声音的,中考考纲词汇,10_情感态度与性质修饰
16,act,-,v./n.,行动/行为,中考考纲词汇,09_核心行为与动作动词
17,actress,-,n.,女演员,中考考纲词汇,04_文体娱乐与节庆风俗
18,acupuncture,-,n.,针灸,中考考纲词汇,03_饮食烹饪与健康医疗
19,add,-,v.,添加；附加,中考考纲词汇,09_核心行为与动作动词
20,adequate,-,adj.,足够的；合格的,中考考纲词汇,03_饮食烹饪与健康医疗
21,adjective,-,n.,形容词,中考考纲词汇,08_职业工作与社会科技
22,adjust,-,v.,调节；改变（行为或观点）以适应,中考考纲词汇,04_文体娱乐与节庆风俗
23,administration,-,n.,管理；行政,中考考纲词汇,08_职业工作与社会科技
24,admire,-,v.,赞美；钦佩；仰慕,中考考纲词汇,09_核心行为与动作动词
25,admission,-,n.,承认；入场费；准许入场,中考考纲词汇,08_职业工作与社会科技
26,admit,-,v.,供认，承认,中考考纲词汇,09_核心行为与动作动词
27,adolescence,-,n.,青春期,中考考纲词汇,07_自然生态与天气动植物
28,adopt,-,v.,收养；采取；采纳,中考考纲词汇,09_核心行为与动作动词
29,adorn,-,v.,装饰；装扮,中考考纲词汇,09_核心行为与动作动词
30,advance,-,n./v.,发展；前进,中考考纲词汇,06_交通出行与地理旅游
31,adventure,-,n./v.,冒险，冒险尽量/去（某地）探险,中考考纲词汇,06_交通出行与地理旅游
32,adverb,-,n.,副词,中考考纲词汇,08_职业工作与社会科技
33,adverse,-,adj.,敌对的；不友好的；不利的,中考考纲词汇,01_个人家庭与人际交往
34,adversity,-,n.,逆境,中考考纲词汇,08_职业工作与社会科技
35,advertise,-,v.,做广告,中考考纲词汇,09_核心行为与动作动词
36,advise,-,v.,劝告；建议；通知,中考考纲词汇,08_职业工作与社会科技
37,affair,-,n.,事件；公共事件,中考考纲词汇,08_职业工作与社会科技
38,affect,-,v.,影响；打动；使悲伤,中考考纲词汇,03_饮食烹饪与健康医疗
39,affection,-,n.,喜爱，喜欢；[~s]爱情,中考考纲词汇,08_职业工作与社会科技
40,affirm,-,v.,断言，坚持声称，证实,中考考纲词汇,09_核心行为与动作动词
41,affluent,-,adj.,富裕的；富足的,中考考纲词汇,03_饮食烹饪与健康医疗
42,afford,-,v.,负担得起；提供；给予,中考考纲词汇,09_核心行为与动作动词
43,african,-,adj./n.,非洲的/非洲人,中考考纲词汇,06_交通出行与地理旅游
44,agent,-,n.,代理人，代理商,中考考纲词汇,01_个人家庭与人际交往
45,aggravate,-,v.,加重；加剧；使恶化,中考考纲词汇,09_核心行为与动作动词
46,agony,-,n.,极度的痛苦；挣扎,中考考纲词汇,03_饮食烹饪与健康医疗
47,agreeable,-,adj.,使人愉快的；（欣然）同意的,中考考纲词汇,01_个人家庭与人际交往
48,agreement,-,n.,同意；协定,中考考纲词汇,08_职业工作与社会科技
49,aid,-,n.,救助；救援物资；辅助物,中考考纲词汇,08_职业工作与社会科技
50,airline,-,n.,航空公司,中考考纲词汇,08_职业工作与社会科技
51,airplane,-,n.,飞机,中考考纲词汇,06_交通出行与地理旅游
52,airtight,-,adj.,密封的；不透气的,中考考纲词汇,10_情感态度与性质修饰
53,aisle,-,n.,走廊、过道,中考考纲词汇,05_居家生活与服装购物
54,alarm,-,n.,惊恐；犹豫；报警；报警器,中考考纲词汇,08_职业工作与社会科技
55,alcohol,-,n.,酒精、乙醇、酒,中考考纲词汇,08_职业工作与社会科技
56,algebra,-,n.,代数,中考考纲词汇,08_职业工作与社会科技
57,alien,-,n./adj.,外侨；外星人；外国的；陌生的,中考考纲词汇,01_个人家庭与人际交往
58,all-round,-,adj.,有多方面才能的；全面的,中考考纲词汇,10_情感态度与性质修饰
59,allergy,-,n.,敏感症；过敏性,中考考纲词汇,08_职业工作与社会科技
60,alleviate,-,n.,减轻（痛苦等）；缓解,中考考纲词汇,03_饮食烹饪与健康医疗
61,allow,-,v.,允许；准许,中考考纲词汇,09_核心行为与动作动词
62,allure,-,v.,吸引，引诱,中考考纲词汇,09_核心行为与动作动词
63,alphabet,-,n.,字母表；（一种语言的）全部字母,中考考纲词汇,08_职业工作与社会科技
64,alter,-,v.,变更；改变,中考考纲词汇,09_核心行为与动作动词
65,alternate,-,v.,（使）交替；（使）轮流,中考考纲词汇,09_核心行为与动作动词
66,alumni,-,n.,[alumnus 的复数形式]毕业生；校友,中考考纲词汇,02_学校教育与学科学习
67,amaze,-,v.,使惊奇，使惊愕,中考考纲词汇,09_核心行为与动作动词
68,amazing,-,adj.,令人惊叹的；惊人的,中考考纲词汇,01_个人家庭与人际交往
69,ambassador,-,n.,大使,中考考纲词汇,08_职业工作与社会科技
70,ambition,-,n.,雄心；抱负,中考考纲词汇,08_职业工作与社会科技
71,ambulance,-,n.,救护车,中考考纲词汇,08_职业工作与社会科技
72,amphibian,-,n./adj.,两栖动物/两栖的,中考考纲词汇,07_自然生态与天气动植物
73,amuse,-,v.,逗乐；给...提供娱乐,中考考纲词汇,09_核心行为与动作动词
74,analyse,-,v.,分析,中考考纲词汇,05_居家生活与服装购物
75,anecdote,-,n.,轶事；奇闻,中考考纲词汇,08_职业工作与社会科技
76,anger,-,n./v.,怒；怒气/使发怒,中考考纲词汇,09_核心行为与动作动词
77,angle,-,n.,角度；脚,中考考纲词汇,03_饮食烹饪与健康医疗
78,ankle,-,n.,踝关节,中考考纲词汇,04_文体娱乐与节庆风俗
79,announce,-,v.,宣布，通知,中考考纲词汇,08_职业工作与社会科技
80,announcer,-,n.,广播员；播音员,中考考纲词汇,08_职业工作与社会科技
81,annoy,-,v.,使恼怒；打扰,中考考纲词汇,09_核心行为与动作动词
82,annual,-,adj./n.,每年的；一年的/年报,中考考纲词汇,10_情感态度与性质修饰
83,antique,-,n./adj.,古董；古董的,中考考纲词汇,10_情感态度与性质修饰
84,antonym,-,n.,反义词,中考考纲词汇,08_职业工作与社会科技
85,anxiety,-,n.,焦虑；担心；渴望,中考考纲词汇,03_饮食烹饪与健康医疗
86,apartment,-,n.,公寓,中考考纲词汇,05_居家生活与服装购物
87,apathetic,-,adj.,无动于衷的；漠不关心的,中考考纲词汇,10_情感态度与性质修饰
88,apologize,-,v.,道歉；赔罪,中考考纲词汇,09_核心行为与动作动词
89,apology,-,n.,道歉；辩解,中考考纲词汇,08_职业工作与社会科技
90,appearance,-,n.,外貌；出现,中考考纲词汇,01_个人家庭与人际交往
91,appetiser,-,n.,开胃饮料、开胃小菜,中考考纲词汇,03_饮食烹饪与健康医疗
92,appetite,-,n.,食欲；强烈欲望,中考考纲词汇,08_职业工作与社会科技
93,apply,-,v.,应用；适用,中考考纲词汇,09_核心行为与动作动词
94,approximately,-,adv.,大约,中考考纲词汇,09_核心行为与动作动词
95,aptitude,-,n.,天生的才能；资质,中考考纲词汇,08_职业工作与社会科技
96,arabian,-,adj.,阿拉伯的,中考考纲词汇,10_情感态度与性质修饰
97,arable,-,adj.,适合耕种的,中考考纲词汇,10_情感态度与性质修饰
98,arch,-,n./v.,拱门/（使）弯成弓形,中考考纲词汇,05_居家生活与服装购物
99,arduous,-,adj.,辛勤的；费力的；陡峭的,中考考纲词汇,10_情感态度与性质修饰
100,arena,-,n.,竞技场、运动场；舞台、活动领域,中考考纲词汇,04_文体娱乐与节庆风俗
101,argument,-,n.,辩论，争论；论点，论据,中考考纲词汇,08_职业工作与社会科技
102,aromatic,-,adj.,芳香的,中考考纲词汇,10_情感态度与性质修饰
103,arrange,-,v.,安排，整理，使有条理,中考考纲词汇,05_居家生活与服装购物
104,arrest,-,v./n.,逮捕；吸引（注意）/逮捕,中考考纲词汇,09_核心行为与动作动词
105,arrive,-,v.,到达；取得成功,中考考纲词汇,09_核心行为与动作动词
106,arrow,-,n.,箭头，箭,中考考纲词汇,03_饮食烹饪与健康医疗
107,arthritis,-,n.,关节炎,中考考纲词汇,04_文体娱乐与节庆风俗
108,article,-,n.,文章,中考考纲词汇,08_职业工作与社会科技
109,artist,-,n.,艺术家,中考考纲词汇,02_学校教育与学科学习
110,ash,-,n.,灰烬,中考考纲词汇,08_职业工作与社会科技
111,ashamed,-,adj.,惭愧的；感到难为情的,中考考纲词汇,10_情感态度与性质修饰
112,asleep,-,adj.,睡着的；不活跃的；麻木的,中考考纲词汇,10_情感态度与性质修饰
113,assist,-,v.,帮助；协助,中考考纲词汇,09_核心行为与动作动词
114,assistant,-,n.,助理；助手,中考考纲词汇,03_饮食烹饪与健康医疗
115,assort,-,v.,把...分类；相配，协调,中考考纲词汇,05_居家生活与服装购物
116,assure,-,v.,向...保证；保证；保险,中考考纲词汇,08_职业工作与社会科技
117,astound,-,v.,使大吃一惊；使惊骇,中考考纲词汇,09_核心行为与动作动词
118,astrology,-,n.,占星术；占星学,中考考纲词汇,08_职业工作与社会科技
119,asylum,-,n.,庇护；精神病院,中考考纲词汇,03_饮食烹饪与健康医疗
120,atlantic,-,n.,大西洋,中考考纲词汇,06_交通出行与地理旅游
121,atlas,-,n.,地图册；地图集,中考考纲词汇,08_职业工作与社会科技
122,attack,-,v./n.,攻击；进攻,中考考纲词汇,09_核心行为与动作动词
123,attract,-,v.,吸引；引起,中考考纲词汇,09_核心行为与动作动词
124,attraction,-,n.,吸引；具有吸引力的事物,中考考纲词汇,08_职业工作与社会科技
125,audio,-,adj.,声音的,中考考纲词汇,10_情感态度与性质修饰
126,audit,-,n./v.,审计。旁听；审计,中考考纲词汇,08_职业工作与社会科技
127,augment,-,v.,扩大；增加；加强；提高,中考考纲词汇,09_核心行为与动作动词
128,aural,-,adj.,耳的；听觉的；气味的；先兆的,中考考纲词汇,03_饮食烹饪与健康医疗
129,australia,-,n.,澳大利亚,中考考纲词汇,08_职业工作与社会科技
130,author,-,n.,作者；作家,中考考纲词汇,02_学校教育与学科学习
131,auto,-,n.,汽车,中考考纲词汇,06_交通出行与地理旅游
132,auxiliary,-,adj.,辅助的；协助的；备用的,中考考纲词汇,10_情感态度与性质修饰
133,available,-,adj.,可获得的,中考考纲词汇,10_情感态度与性质修饰
134,avalanche,-,n.,雪崩,中考考纲词汇,07_自然生态与天气动植物
135,avoid,-,v.,避免；躲开,中考考纲词汇,09_核心行为与动作动词
136,await,-,v.,等候；期待；将降临到...身上,中考考纲词汇,09_核心行为与动作动词
137,awake,-,adj.,醒着的；警觉的；,中考考纲词汇,10_情感态度与性质修饰
138,award,-,n.,奖；奖品,中考考纲词汇,08_职业工作与社会科技
139,awesome,-,adj.,卓越的；引起敬畏的,中考考纲词汇,10_情感态度与性质修饰
140,awful,-,adj.,令人不愉快的；极讨厌的,中考考纲词汇,01_个人家庭与人际交往
141,ax,-,n.,斧头,中考考纲词汇,03_饮食烹饪与健康医疗
142,backbone,-,n.,脊柱；骨干；中坚；骨气,中考考纲词汇,03_饮食烹饪与健康医疗
143,background,-,n.,背景；（个人出身、受教育）经历,中考考纲词汇,03_饮食烹饪与健康医疗
144,backup,-,n./adj.,后援；支持（文件等的）备份/备用的,中考考纲词汇,06_交通出行与地理旅游
145,badge,-,n.,徽章；证章；标志；象征,中考考纲词汇,06_交通出行与地理旅游
146,badminton,-,n.,羽毛球,中考考纲词汇,04_文体娱乐与节庆风俗
147,bait,-,v./n.,使上当发火/诱饵，诱惑物,中考考纲词汇,09_核心行为与动作动词
148,bake,-,v.,烘烤、烤熟,中考考纲词汇,09_核心行为与动作动词
149,band,-,n.,乐队；带；波段,中考考纲词汇,04_文体娱乐与节庆风俗
150,banner,-,n.,横幅、标语,中考考纲词汇,08_职业工作与社会科技
151,banquet,-,n.,宴会,中考考纲词汇,04_文体娱乐与节庆风俗
152,baptize,-,v.,给...施行洗礼,中考考纲词汇,09_核心行为与动作动词
153,bar,-,n.,酒吧、吧台,中考考纲词汇,08_职业工作与社会科技
154,barbecue,-,n./v.,烧烤野餐、烤架/烧烤,中考考纲词汇,03_饮食烹饪与健康医疗
155,barn,-,n.,谷仓；牲口棚,中考考纲词汇,03_饮食烹饪与健康医疗
156,barren,-,adj.,贫瘠的；荒芜的；不结果实的,中考考纲词汇,10_情感态度与性质修饰
157,basic,-,adj.,基本的；基础的,中考考纲词汇,10_情感态度与性质修饰
158,bat,-,n.,球拍；球棒；球板,中考考纲词汇,04_文体娱乐与节庆风俗
159,bath,-,n.,洗澡；[英]浴缸,中考考纲词汇,08_职业工作与社会科技
160,battle,-,n./v.,战斗，战役/与...战斗,中考考纲词汇,08_职业工作与社会科技
161,beach,-,n.,海滩；河滩,中考考纲词汇,06_交通出行与地理旅游
162,bead,-,n./v.,珠子，（液体的）小滴；形成珠状,中考考纲词汇,09_核心行为与动作动词
163,beak,-,n.,鸟嘴；喙,中考考纲词汇,03_饮食烹饪与健康医疗
164,bear,-,v.,生（孩子）；容忍；承担（责任）,中考考纲词汇,09_核心行为与动作动词
165,beard,-,n.,胡须,中考考纲词汇,08_职业工作与社会科技
166,beat,-,v./n.,打；打败；（心脏等）跳动/节拍；击鼓声,中考考纲词汇,03_饮食烹饪与健康医疗
167,beautiful,-,adj.,美丽的,中考考纲词汇,10_情感态度与性质修饰
168,beef,-,n.,牛肉,中考考纲词汇,03_饮食烹饪与健康医疗
169,beggar,-,n.,乞丐,中考考纲词汇,08_职业工作与社会科技
170,behave,-,v.,表现；运转,中考考纲词汇,09_核心行为与动作动词
171,behaviour,-,n.,行为；活动方式,中考考纲词汇,08_职业工作与社会科技
172,belief,-,n.,信念；信仰,中考考纲词汇,08_职业工作与社会科技
173,bell,-,n.,钟，铃,中考考纲词汇,05_居家生活与服装购物
174,belong,-,v.,应在（某处）；适合（某种情形）,中考考纲词汇,09_核心行为与动作动词
175,beloved,-,n./adj.,爱人/深受喜爱的,中考考纲词汇,01_个人家庭与人际交往
176,belt,-,n.,腰带，皮带；地带，地区,中考考纲词汇,03_饮食烹饪与健康医疗
177,bench,-,n.,长凳,中考考纲词汇,08_职业工作与社会科技
178,bend,-,v.,俯身；弯腰；使弯曲,中考考纲词汇,03_饮食烹饪与健康医疗
179,benefit,-,n./v.,益处/有利于；获益,中考考纲词汇,09_核心行为与动作动词
180,berry,-,n.,浆果,中考考纲词汇,08_职业工作与社会科技
181,bet,-,v./n.,下注；打赌；敢说/打赌；赌注,中考考纲词汇,09_核心行为与动作动词
182,bewilder,-,v.,使迷惑，使不知所措,中考考纲词汇,09_核心行为与动作动词
183,bible,-,n.,（基督教）圣经,中考考纲词汇,08_职业工作与社会科技
184,bibliography,-,n.,参考书目,中考考纲词汇,02_学校教育与学科学习
185,bilateral,-,adj.,双边的,中考考纲词汇,10_情感态度与性质修饰
186,billiards,-,n.,台球,中考考纲词汇,04_文体娱乐与节庆风俗
187,billion,-,num.,十亿；大量,中考考纲词汇,11_语法功能与数词介连词
188,binary,-,adj.,二进制的；二元的,中考考纲词汇,05_居家生活与服装购物
189,bind,-,v.,捆；绑,中考考纲词汇,09_核心行为与动作动词
190,biology,-,n.,生物学；生命机理,中考考纲词汇,02_学校教育与学科学习
191,biorhythm,-,n.,生物节律,中考考纲词汇,02_学校教育与学科学习
192,biscuit,-,n.,[英]饼干，[美]烤饼、小圆面包,中考考纲词汇,03_饮食烹饪与健康医疗
193,bishop,-,n.,主教,中考考纲词汇,08_职业工作与社会科技
194,bite,-,v./n.,咬；（昆虫）叮；吞饵,中考考纲词汇,07_自然生态与天气动植物
195,bitter,-,adj.,苦的；痛苦的；严寒的,中考考纲词汇,03_饮食烹饪与健康医疗
196,blame,-,v./n.,责备，指责/（对坏事应负的）责任,中考考纲词汇,09_核心行为与动作动词
197,blast,-,n./v.,爆炸/爆炸，炸毁,中考考纲词汇,09_核心行为与动作动词
198,bleed,-,v.,流血；榨取；给...放血；放掉（水或气体）,中考考纲词汇,03_饮食烹饪与健康医疗
199,blind,-,adj.,盲目的；瞎的；未察觉的,中考考纲词汇,10_情感态度与性质修饰
200,block,-,n.,街区、障碍、一块,中考考纲词汇,08_职业工作与社会科技
201,bloom,-,n.,花朵,中考考纲词汇,07_自然生态与天气动植物
202,blossom,-,v./n.,开花；花朵,中考考纲词汇,07_自然生态与天气动植物
203,blot,-,n.,污点,中考考纲词汇,08_职业工作与社会科技
204,blow,-,v./n.,吹；打击；挫折,中考考纲词汇,09_核心行为与动作动词
205,boil,-,v./n.,煮沸。沸点,中考考纲词汇,09_核心行为与动作动词
206,bolt,-,n./v.,螺栓；插销；闩上（门、窗）,中考考纲词汇,05_居家生活与服装购物
207,bomb,-,n./v.,炸弹/轰炸,中考考纲词汇,09_核心行为与动作动词
208,bone,-,n.,骨；骨骼,中考考纲词汇,03_饮食烹饪与健康医疗
209,boot,-,n.,靴子,中考考纲词汇,05_居家生活与服装购物
210,booth,-,n.,售货摊；电话亭；小隔间,中考考纲词汇,05_居家生活与服装购物
211,born,-,adj./v.,天生的；与生俱来的/[be ~]出生,中考考纲词汇,09_核心行为与动作动词
212,boss,-,n./v.,老板，上司/对...指手画脚,中考考纲词汇,03_饮食烹饪与健康医疗
213,botanist,-,n.,植物学家,中考考纲词汇,05_居家生活与服装购物
214,botany,-,n.,植物学,中考考纲词汇,07_自然生态与天气动植物
215,bough,-,n.,大树枝,中考考纲词汇,07_自然生态与天气动植物
216,bound,-,adj.,[be ~ to]一定会；很可能会；有义务,中考考纲词汇,10_情感态度与性质修饰
217,bowl,-,n.,碗,中考考纲词汇,08_职业工作与社会科技
218,boycott,-,n./v.,抵制；拒绝购买,中考考纲词汇,05_居家生活与服装购物
219,bracelet,-,n.,手镯,中考考纲词汇,03_饮食烹饪与健康医疗
220,brain,-,n.,脑；[~s]智力；智慧,中考考纲词汇,03_饮食烹饪与健康医疗
221,brainstorm,-,n./v.,集体自由讨论；头脑风暴；集思广益；进行头脑风暴,中考考纲词汇,03_饮食烹饪与健康医疗
222,brandy,-,n.,白兰地酒,中考考纲词汇,08_职业工作与社会科技
223,brickwork,-,n.,砖结构,中考考纲词汇,08_职业工作与社会科技
224,bristle,-,n.,鬃毛；短而硬的毛，刚毛,中考考纲词汇,08_职业工作与社会科技
225,britain,-,n.,英国,中考考纲词汇,08_职业工作与社会科技
226,broken,-,adj.,弄坏的；破碎的,中考考纲词汇,10_情感态度与性质修饰
227,broom,-,n./v.,扫帚；用扫帚扫,中考考纲词汇,09_核心行为与动作动词
228,brow,-,n.,额；眉毛,中考考纲词汇,03_饮食烹饪与健康医疗
229,brown,-,adj./n.,褐色的；褐色,中考考纲词汇,10_情感态度与性质修饰
230,browser,-,n.,浏览器,中考考纲词汇,08_职业工作与社会科技
231,brute,-,n.,粗野的人；残忍的人,中考考纲词汇,01_个人家庭与人际交往
232,bud,-,n.,芽；苞；蓓蕾,中考考纲词汇,08_职业工作与社会科技
233,buffalo,-,n.,水牛；野牛,中考考纲词汇,03_饮食烹饪与健康医疗
234,buffet,-,n.,自助餐,中考考纲词汇,03_饮食烹饪与健康医疗
235,build,-,v.,建造、开发,中考考纲词汇,09_核心行为与动作动词
236,bulb,-,n.,电灯泡；球茎；球茎状物,中考考纲词汇,04_文体娱乐与节庆风俗
237,bull,-,n.,公牛,中考考纲词汇,07_自然生态与天气动植物
238,burden,-,v./n.,使负担/重担；负担,中考考纲词汇,09_核心行为与动作动词
239,burgeon,-,n./v.,嫩枝；新芽/极速生长；发芽；抽枝,中考考纲词汇,09_核心行为与动作动词
240,burrow,-,n./v.,地洞，地道/掘地洞,中考考纲词汇,09_核心行为与动作动词
241,bury,-,v.,埋葬,中考考纲词汇,09_核心行为与动作动词
242,bush fire,-,n.,林区大火,中考考纲词汇,08_职业工作与社会科技
243,butter,-,n./v.,黄油/涂黄油,中考考纲词汇,03_饮食烹饪与健康医疗
244,butterfly,-,n.,蝴蝶,中考考纲词汇,07_自然生态与天气动植物
245,button,-,n./v.,纽扣；按钮；扣上...的纽扣,中考考纲词汇,09_核心行为与动作动词
246,cabbage,-,n.,洋白菜、卷心菜、甘蓝,中考考纲词汇,03_饮食烹饪与健康医疗
247,cabin,-,n.,小木屋、（船上的）小舱,中考考纲词汇,08_职业工作与社会科技
248,cabinet,-,n.,储藏柜、内阁,中考考纲词汇,08_职业工作与社会科技
249,cable,-,n.,电缆；缆绳；电报；有线电视,中考考纲词汇,05_居家生活与服装购物
250,cafeteria,-,n.,自助餐厅,中考考纲词汇,03_饮食烹饪与健康医疗
251,cage,-,n.,笼子,中考考纲词汇,08_职业工作与社会科技
252,calamity,-,n.,灾难；不幸的事,中考考纲词汇,08_职业工作与社会科技
253,calculate,-,v.,计算；考虑；打算,中考考纲词汇,09_核心行为与动作动词
254,calculus,-,n.,微积分；结实,中考考纲词汇,05_居家生活与服装购物
255,calendar,-,n.,日历；历法,中考考纲词汇,08_职业工作与社会科技
256,calf,-,n.,幼兽；小牛🐂,中考考纲词汇,07_自然生态与天气动植物
257,camel,-,n.,骆驼,中考考纲词汇,08_职业工作与社会科技
258,camera,-,n.,照相机,中考考纲词汇,04_文体娱乐与节庆风俗
259,camouflage,-,v./n.,伪装,中考考纲词汇,09_核心行为与动作动词
260,camp,-,n.,营地；阵营,中考考纲词汇,08_职业工作与社会科技
261,campaign,-,n./v.,战役；（社会、政治）运动/参加（或领导）运动,中考考纲词汇,04_文体娱乐与节庆风俗
262,can,-,v./n.,把（食品）罐装保存；罐头；听,中考考纲词汇,11_语法功能与数词介连词
263,canada,-,n.,加拿大,中考考纲词汇,08_职业工作与社会科技
264,canal,-,n.,运河；（人体内输送食物、气体等的）管,中考考纲词汇,03_饮食烹饪与健康医疗
265,cancel,-,v.,取消；废除,中考考纲词汇,09_核心行为与动作动词
266,cancer,-,n.,癌,中考考纲词汇,08_职业工作与社会科技
267,candle,-,n.,蜡烛,中考考纲词汇,08_职业工作与社会科技
268,candy,-,n.,糖果,中考考纲词汇,03_饮食烹饪与健康医疗
269,cannon,-,n.,大炮，加农炮,中考考纲词汇,08_职业工作与社会科技
270,canoe,-,n.,独木舟,中考考纲词汇,08_职业工作与社会科技
271,canteen,-,n.,水壶；[英]食堂,中考考纲词汇,03_饮食烹饪与健康医疗
272,canvas,-,n.,帆布；油画布,中考考纲词汇,03_饮食烹饪与健康医疗
273,cap,-,n.,（有帽舌的）帽子；（经费等的）最高限额,中考考纲词汇,03_饮食烹饪与健康医疗
274,capable,-,adj.,有能力的；有才能的,中考考纲词汇,10_情感态度与性质修饰
275,captain,-,n.,船长；队长,中考考纲词汇,08_职业工作与社会科技
276,captive,-,n./adj.,俘虏；被关押的；收控制的,中考考纲词汇,10_情感态度与性质修饰
277,capture,-,n./v.,战利品/捕获，夺得,中考考纲词汇,09_核心行为与动作动词
278,career,-,n.,职业；事业；职业生涯,中考考纲词汇,08_职业工作与社会科技
279,careful,-,adj.,仔细地；细致的；小心的；谨慎的,中考考纲词汇,10_情感态度与性质修饰
280,careless,-,adj.,粗心的；无忧无虑的；淡漠的,中考考纲词汇,10_情感态度与性质修饰
281,carnivore,-,n.,肉食动物,中考考纲词汇,03_饮食烹饪与健康医疗
282,carpenter,-,n.,木匠,中考考纲词汇,08_职业工作与社会科技
283,carpet,-,n.,地毯,中考考纲词汇,08_职业工作与社会科技
284,carriage,-,n.,四轮马车；[英]（客运火车的）车厢,中考考纲词汇,06_交通出行与地理旅游
285,carrier,-,n.,航空母舰；运输工具,中考考纲词汇,04_文体娱乐与节庆风俗
286,carrot,-,n.,胡萝卜,中考考纲词汇,03_饮食烹饪与健康医疗
287,carry-on,-,n./adj.,（可随身携带上飞机的）小包/随身携带上飞机的,中考考纲词汇,06_交通出行与地理旅游
288,cart,-,n.,货运马车；手推车；购物车,中考考纲词汇,03_饮食烹饪与健康医疗
289,carve,-,v.,雕刻；切下,中考考纲词汇,09_核心行为与动作动词
290,cash,-,n./v.,现金/兑现（支票）,中考考纲词汇,05_居家生活与服装购物
291,cashier,-,n.,出纳员，收银员,中考考纲词汇,08_职业工作与社会科技
292,casino,-,n.,赌场,中考考纲词汇,08_职业工作与社会科技
293,cassette,-,n.,盒式磁带；底片盒,中考考纲词汇,08_职业工作与社会科技
294,castle,-,n.,城堡,中考考纲词汇,08_职业工作与社会科技
295,cataclysmic,-,adj.,剧变的；灾难的,中考考纲词汇,10_情感态度与性质修饰
296,catalyst,-,n.,催化剂；促进因素,中考考纲词汇,08_职业工作与社会科技
297,catastrophic,-,adj.,灾难性的,中考考纲词汇,10_情感态度与性质修饰
298,catch,-,v.,捉住；赶上；领会,中考考纲词汇,09_核心行为与动作动词
299,cattle,-,n.,牛,中考考纲词汇,07_自然生态与天气动植物
300,cause,-,n./v.,原因，理由，事业/引起；导致,中考考纲词汇,09_核心行为与动作动词
301,ceiling,-,n.,天花板、顶棚,中考考纲词汇,05_居家生活与服装购物
302,celebrate,-,v.,庆祝（节日、事件等）,中考考纲词汇,04_文体娱乐与节庆风俗
303,celebrity,-,n.,名人；名誉,中考考纲词汇,01_个人家庭与人际交往
304,celestial,-,adj.,天上的,中考考纲词汇,10_情感态度与性质修饰
305,cell,-,n.,蜂房巢室；细胞；单人牢房,中考考纲词汇,07_自然生态与天气动植物
306,cellar,-,n.,地窖、地下室,中考考纲词汇,08_职业工作与社会科技
307,cello,-,n.,大提琴,中考考纲词汇,04_文体娱乐与节庆风俗
308,celsius,-,adj./n.,摄氏的/摄氏温度,中考考纲词汇,07_自然生态与天气动植物
309,cement,-,n./v.,水泥；胶结剂；使黏结,中考考纲词汇,03_饮食烹饪与健康医疗
310,century,-,n.,世纪；百年,中考考纲词汇,08_职业工作与社会科技
311,certify,-,v.,证明；颁发专业合格证书,中考考纲词汇,02_学校教育与学科学习
312,chain,-,n.,一连串；连锁店,中考考纲词汇,08_职业工作与社会科技
313,challenge,-,n./v.,挑战/向...挑战,中考考纲词汇,09_核心行为与动作动词
314,champion,-,n./v.,冠军；第一名；拥护；支持,中考考纲词汇,04_文体娱乐与节庆风俗
315,chance,-,n.,机会；可能性,中考考纲词汇,08_职业工作与社会科技
316,chancellor,-,n.,（德国或奥地利的）总理；（英国）财政大臣,中考考纲词汇,08_职业工作与社会科技
317,change,-,n.,改变,中考考纲词汇,08_职业工作与社会科技
318,channel,-,n.,频道；航道；海峡,中考考纲词汇,06_交通出行与地理旅游
319,chapter,-,n.,（书的）章；（人生或历史的）重要时刻,中考考纲词汇,02_学校教育与学科学习
320,character,-,n.,性格；特征；人物；角色,中考考纲词汇,05_居家生活与服装购物
321,charcoal,-,n.,木炭,中考考纲词汇,08_职业工作与社会科技
322,charming,-,adj.,迷人的,中考考纲词汇,01_个人家庭与人际交往
323,chart,-,n.,图；图表；海图,中考考纲词汇,08_职业工作与社会科技
324,chase,-,v./n.,追逐；追求,中考考纲词汇,09_核心行为与动作动词
325,cheap,-,adj.,廉价的；质劣价低的,中考考纲词汇,05_居家生活与服装购物
326,cheat,-,v./n.,欺骗；作弊/作弊者,中考考纲词汇,09_核心行为与动作动词
327,check,-,v./n.,检查；核对/[美]账单,中考考纲词汇,09_核心行为与动作动词
328,checklist,-,n.,清单；选民花名册,中考考纲词汇,07_自然生态与天气动植物
329,cheek,-,n.,面颊,中考考纲词汇,08_职业工作与社会科技
330,cheer,-,v.,使振作；（向...）欢呼,中考考纲词汇,09_核心行为与动作动词
331,cheese,-,n.,起司、奶酪,中考考纲词汇,03_饮食烹饪与健康医疗
332,chef,-,n.,厨师,中考考纲词汇,08_职业工作与社会科技
333,chemistry,-,n.,化学,中考考纲词汇,02_学校教育与学科学习
334,cheque,-,n.,支票,中考考纲词汇,08_职业工作与社会科技
335,cherry,-,n.,樱桃；樱桃树,中考考纲词汇,03_饮食烹饪与健康医疗
336,chess,-,n.,国际象棋,中考考纲词汇,04_文体娱乐与节庆风俗
337,chest,-,n.,胸；胸部,中考考纲词汇,03_饮食烹饪与健康医疗
338,chew,-,v.,咀嚼,中考考纲词汇,09_核心行为与动作动词
339,chicken,-,n.,鸡,中考考纲词汇,07_自然生态与天气动植物
340,childish,-,adj.,孩子般的；幼稚的,中考考纲词汇,10_情感态度与性质修饰
341,chill,-,v./n.,使变冷；使恐惧/寒冷；害怕,中考考纲词汇,07_自然生态与天气动植物
342,chimney,-,n.,烟囱,中考考纲词汇,05_居家生活与服装购物
343,chin,-,n.,下巴,中考考纲词汇,08_职业工作与社会科技
344,chocolate,-,n.,巧克力,中考考纲词汇,08_职业工作与社会科技
345,choir,-,n.,唱诗班,中考考纲词汇,04_文体娱乐与节庆风俗
346,choke,-,v.,（使）窒息；阻塞；说不出话,中考考纲词汇,09_核心行为与动作动词
347,choose,-,v.,选择,中考考纲词汇,09_核心行为与动作动词
348,chop,-,v.,切碎（食物）；劈（木头）,中考考纲词汇,03_饮食烹饪与健康医疗
349,chronology,-,n.,年代学；年表；事件发生的顺序表,中考考纲词汇,08_职业工作与社会科技
350,church,-,n.,教堂,中考考纲词汇,08_职业工作与社会科技
351,cigarette,-,n.,香烟,中考考纲词汇,08_职业工作与社会科技
352,circle,-,n.,圆,中考考纲词汇,08_职业工作与社会科技
353,circulate,-,v.,循环；流通；传播,中考考纲词汇,09_核心行为与动作动词
354,circus,-,n.,马戏团；圆形广场（常用于地名）,中考考纲词汇,06_交通出行与地理旅游
355,citizen,-,n.,公民；市民,中考考纲词汇,08_职业工作与社会科技
356,civil,-,adj.,公民的；国内的；民用的；斯文的,中考考纲词汇,10_情感态度与性质修饰
357,civilisation,-,n.,文明,中考考纲词汇,02_学校教育与学科学习
358,clan,-,n.,宗族；家族；帮派,中考考纲词汇,05_居家生活与服装购物
359,clap,-,v./n.,拍手；轻拍/鼓掌,中考考纲词汇,03_饮食烹饪与健康医疗
360,clasp,-,n./v.,搭扣；扣住,中考考纲词汇,09_核心行为与动作动词
361,classical,-,adj.,古典的；传统的,中考考纲词汇,04_文体娱乐与节庆风俗
362,classify,-,v.,分类,中考考纲词汇,05_居家生活与服装购物
363,claw,-,n./v.,爪；钳；鳌；爪状物/抓；挠；撕,中考考纲词汇,09_核心行为与动作动词
364,clay,-,n.,黏土；陶土,中考考纲词汇,08_职业工作与社会科技
365,clear,-,adj./v.,清晰的；明显的/清除,中考考纲词汇,09_核心行为与动作动词
366,clerk,-,n.,店员，办事员，接待员,中考考纲词汇,08_职业工作与社会科技
367,clever,-,adj.,聪明的；精明的,中考考纲词汇,10_情感态度与性质修饰
368,cliff,-,n.,悬崖；峭壁,中考考纲词汇,08_职业工作与社会科技
369,climate,-,n.,气候；风气，思潮，环境,中考考纲词汇,07_自然生态与天气动植物
370,climb,-,v.,攀登；爬,中考考纲词汇,09_核心行为与动作动词
371,cloak,-,n.,斗篷；覆盖物,中考考纲词汇,08_职业工作与社会科技
372,clone,-,v./n.,克隆/克隆的动植物,中考考纲词汇,07_自然生态与天气动植物
373,clothe,-,v.,给...穿衣；为...提供衣服,中考考纲词汇,05_居家生活与服装购物
374,clue,-,n.,线索；提示,中考考纲词汇,08_职业工作与社会科技
375,clumsy,-,adj.,笨拙的,中考考纲词汇,10_情感态度与性质修饰
376,coach,-,n./v.,[英]长途汽车；教练；私人教师/训练,中考考纲词汇,02_学校教育与学科学习
377,coast,-,n.,海岸；海滨,中考考纲词汇,06_交通出行与地理旅游
378,cock,-,n.,公鸡；雄禽,中考考纲词汇,07_自然生态与天气动植物
379,coed,-,adj./n.,男女同校的。（男女同校的大学生中的）女生,中考考纲词汇,02_学校教育与学科学习
380,coffee,-,n.,咖啡,中考考纲词汇,03_饮食烹饪与健康医疗
381,coin,-,n./v.,硬币/铸币；创造（新词语）,中考考纲词汇,09_核心行为与动作动词
382,collar,-,n.,衣领；项圈,中考考纲词汇,08_职业工作与社会科技
383,collect,-,v.,收集；收藏,中考考纲词汇,04_文体娱乐与节庆风俗
384,college,-,n.,学院；大学,中考考纲词汇,02_学校教育与学科学习
385,collide,-,v.,碰撞；抵触,中考考纲词汇,09_核心行为与动作动词
386,colour,-,n.,颜色；颜料,中考考纲词汇,08_职业工作与社会科技
387,commander,-,n.,司令官；指挥官,中考考纲词汇,08_职业工作与社会科技
388,commentator,-,n.,评论员；实况解说员,中考考纲词汇,08_职业工作与社会科技
389,common,-,adj.,共同的；普通的；平常的,中考考纲词汇,10_情感态度与性质修饰
390,communism,-,n.,共产主义,中考考纲词汇,08_职业工作与社会科技
391,commuter,-,n.,上下班，往返者,中考考纲词汇,08_职业工作与社会科技
392,company,-,n.,公司；陪伴；剧团,中考考纲词汇,08_职业工作与社会科技
393,compound,-,n./adj./v.,混合物；化合物。复合的；组合的。混合,中考考纲词汇,09_核心行为与动作动词
394,condom,-,n.,避孕套,中考考纲词汇,08_职业工作与社会科技
395,consonant,-,n.,辅音,中考考纲词汇,08_职业工作与社会科技
396,consortium,-,n.,财团；联营企业,中考考纲词汇,08_职业工作与社会科技
397,contingency,-,n.,意外事件；可能发生的事,中考考纲词汇,08_职业工作与社会科技
398,cook,-,v./n.,烹调、烧、煮/厨师,中考考纲词汇,08_职业工作与社会科技
399,copy,-,n./v.,复制品。抄写；复制,中考考纲词汇,09_核心行为与动作动词
400,corn,-,n.,[英]谷物；[美]玉米,中考考纲词汇,08_职业工作与社会科技
401,corpus,-,n.,尸体；文集；本金,中考考纲词汇,08_职业工作与社会科技
402,cosmetics,-,n.,化妆品,中考考纲词汇,08_职业工作与社会科技
403,cost,-,v./n.,需付费/费用；代价；成本,中考考纲词汇,09_核心行为与动作动词
404,cotton,-,n.,棉；棉线；棉布,中考考纲词汇,08_职业工作与社会科技
405,counsellor,-,n.,顾问，辅导顾问；（美国的）律师,中考考纲词汇,08_职业工作与社会科技
406,count,-,v.,计算,中考考纲词汇,09_核心行为与动作动词
407,counterfeit,-,adj./v.,假冒的；伪造,中考考纲词汇,09_核心行为与动作动词
408,couple,-,n.,夫妻 ，情侣；两个；几个,中考考纲词汇,08_职业工作与社会科技
409,coupon,-,n.,优惠券,中考考纲词汇,05_居家生活与服装购物
410,course,-,n.,课程,中考考纲词汇,02_学校教育与学科学习
411,court,-,n.,法院；庭院,中考考纲词汇,05_居家生活与服装购物
412,courtship,-,n.,求偶,中考考纲词汇,08_职业工作与社会科技
413,cousin,-,n.,堂（或表）兄（或弟、姐、妹）,中考考纲词汇,01_个人家庭与人际交往
414,cover,-,n.,封面；盖子；套子,中考考纲词汇,08_职业工作与社会科技
415,coverage,-,n.,新闻报道；覆盖范围,中考考纲词汇,08_职业工作与社会科技
416,coward,-,n.,懦夫，胆小鬼,中考考纲词汇,08_职业工作与社会科技
417,craftsman,-,n.,工匠；工艺师,中考考纲词汇,08_职业工作与社会科技
418,cram,-,v.,把...塞进；（为应考）临时死记硬背,中考考纲词汇,03_饮食烹饪与健康医疗
419,cream,-,n.,奶油,中考考纲词汇,03_饮食烹饪与健康医疗
420,creature,-,n.,生物；动物,中考考纲词汇,02_学校教育与学科学习
421,criteria,-,n.,[criterion 的复数形式]标准；准则,中考考纲词汇,08_职业工作与社会科技
422,cross,-,n./v.,十字形；十字架/穿过,中考考纲词汇,05_居家生活与服装购物
423,crow,-,n.,乌鸦,中考考纲词汇,07_自然生态与天气动植物
424,crowd,-,n.,人群；观众；一群人,中考考纲词汇,01_个人家庭与人际交往
425,cruel,-,adj.,残忍的；残暴的,中考考纲词汇,01_个人家庭与人际交往
426,cub,-,n.,幼兽,中考考纲词汇,08_职业工作与社会科技
427,cucumber,-,n.,黄瓜,中考考纲词汇,08_职业工作与社会科技
428,cuisine,-,n.,菜肴、烹饪,中考考纲词汇,08_职业工作与社会科技
429,culture,-,n.,文化；文明；教养,中考考纲词汇,02_学校教育与学科学习
430,cunning,-,adj.,狡猾的；巧妙的,中考考纲词汇,10_情感态度与性质修饰
431,curative,-,adj./n.,治疗的/药品,中考考纲词汇,03_饮食烹饪与健康医疗
432,curl,-,n./v.,卷曲；螺旋状物/（使）卷曲,中考考纲词汇,09_核心行为与动作动词
433,currency,-,n.,货币；通用，流行,中考考纲词汇,08_职业工作与社会科技
434,curtain,-,n./v.,窗帘；幕布；给...装上帘子,中考考纲词汇,05_居家生活与服装购物
435,customer,-,n.,顾客，主顾，客户,中考考纲词汇,08_职业工作与社会科技
436,cutlery,-,n.,餐具、刀具,中考考纲词汇,03_饮食烹饪与健康医疗
437,cycle,-,v./n.,骑/周期；自行车,中考考纲词汇,06_交通出行与地理旅游
438,cycling,-,n.,骑自行车运动,中考考纲词汇,04_文体娱乐与节庆风俗
439,daily,-,adj./n.,每日的/日报,中考考纲词汇,08_职业工作与社会科技
440,dairy,-,n./adj.,乳制品、乳品店/乳制的,中考考纲词汇,03_饮食烹饪与健康医疗
441,dam,-,n./v.,水坝/控制、抑制,中考考纲词汇,03_饮食烹饪与健康医疗
442,damage,-,n./v.,损害；伤害,中考考纲词汇,03_饮食烹饪与健康医疗
443,damp,-,adj.,湿气重的；潮湿的,中考考纲词汇,07_自然生态与天气动植物
444,daring,-,adj.,勇敢的；大胆的,中考考纲词汇,10_情感态度与性质修饰
445,darling,-,n.,亲爱的；宠儿,中考考纲词汇,08_职业工作与社会科技
446,dash,-,v.,猛冲；猛摔,中考考纲词汇,09_核心行为与动作动词
447,data,-,n.,[datum 的复数形式]数据,中考考纲词汇,08_职业工作与社会科技
448,dawn,-,n./v.,黎明；开端/破晓,中考考纲词汇,09_核心行为与动作动词
449,deadline,-,n.,截止日期,中考考纲词汇,08_职业工作与社会科技
450,deal,-,v./n.,买卖；[~ with]处理；应付/协议；交易；大量,中考考纲词汇,05_居家生活与服装购物
451,dean,-,n.,（大学的）学院院长；系主任,中考考纲词汇,02_学校教育与学科学习
452,dear,-,adj./int.,亲爱的/啊呀,中考考纲词汇,10_情感态度与性质修饰
453,death,-,n.,死；死亡；毁灭,中考考纲词汇,08_职业工作与社会科技
454,debate,-,v./n.,辩论；争论；讨论,中考考纲词汇,09_核心行为与动作动词
455,debris,-,n.,碎片；残骸,中考考纲词汇,08_职业工作与社会科技
456,debt,-,n.,债务,中考考纲词汇,08_职业工作与社会科技
457,decay,-,v.,腐烂,中考考纲词汇,03_饮食烹饪与健康医疗
458,deceive,-,v.,欺骗；蒙蔽；误导,中考考纲词汇,09_核心行为与动作动词
459,decent,-,adj.,得体的；尚好的,中考考纲词汇,10_情感态度与性质修饰
460,decide,-,v.,决定,中考考纲词汇,09_核心行为与动作动词
461,decimal,-,adj./n.,小数的；十进制的。小数,中考考纲词汇,10_情感态度与性质修饰
462,decimation,-,n.,大批杀死，大量毁灭；大大削弱,中考考纲词汇,08_职业工作与社会科技
463,decipher,-,v.,译解；辨认,中考考纲词汇,09_核心行为与动作动词
464,deck,-,n./v.,甲板/装饰,中考考纲词汇,09_核心行为与动作动词
465,declare,-,v.,宣布，宣告，宣称，声称,中考考纲词汇,09_核心行为与动作动词
466,decline,-,v./n.,下降,中考考纲词汇,09_核心行为与动作动词
467,decompose,-,v.,分解；腐烂,中考考纲词汇,03_饮食烹饪与健康医疗
468,decorate,-,v.,装饰,中考考纲词汇,09_核心行为与动作动词
469,decrease,-,n./v.,减少；减小/（使）减少；（使）减小,中考考纲词汇,09_核心行为与动作动词
470,deduce,-,v.,演绎；推论,中考考纲词汇,09_核心行为与动作动词
471,deed,-,n.,行为；功绩；契约,中考考纲词汇,08_职业工作与社会科技
472,deem,-,v.,认为；相信,中考考纲词汇,09_核心行为与动作动词
473,default,-,v./n.,不支付、不履行/违约；默认值,中考考纲词汇,05_居家生活与服装购物
474,defeat,-,v./n.,战胜，击败/失败,中考考纲词汇,04_文体娱乐与节庆风俗
475,defend,-,v.,防御，保护；为...辩护,中考考纲词汇,07_自然生态与天气动植物
476,defensive,-,adj.,防御性的,中考考纲词汇,10_情感态度与性质修饰
477,defer,-,v.,推迟；延期,中考考纲词汇,09_核心行为与动作动词
478,deficit,-,n.,赤字；逆差,中考考纲词汇,08_职业工作与社会科技
479,deflation,-,n.,通货紧缩,中考考纲词汇,08_职业工作与社会科技
480,deflect,-,v.,（使）偏斜，（使）偏转；转移,中考考纲词汇,09_核心行为与动作动词
481,deforest,-,v.,毁掉...森林,中考考纲词汇,06_交通出行与地理旅游
482,degrade,-,v.,降解；降低...身份；使恶化；使退化,中考考纲词汇,09_核心行为与动作动词
483,degree,-,n.,学位；程度,中考考纲词汇,02_学校教育与学科学习
484,delay,-,n./v.,耽搁；延期/使耽搁；使延期,中考考纲词汇,09_核心行为与动作动词
485,delegate,-,n./v.,代表/授权，委派,中考考纲词汇,09_核心行为与动作动词
486,delegation,-,n.,代表团；委派,中考考纲词汇,08_职业工作与社会科技
487,delete,-,v.,删除；删掉,中考考纲词汇,09_核心行为与动作动词
488,deliberate,-,v./adj.,深思熟虑；仔细考虑。审慎的,中考考纲词汇,09_核心行为与动作动词
489,delicate,-,adj.,精致的；微妙的；脆弱的,中考考纲词汇,10_情感态度与性质修饰
490,delicious,-,adj.,美味的,中考考纲词汇,03_饮食烹饪与健康医疗
491,delight,-,v./n.,（使）高兴；爱好/乐趣,中考考纲词汇,04_文体娱乐与节庆风俗
492,deliver,-,v.,传送；递送,中考考纲词汇,09_核心行为与动作动词
493,delta,-,n.,三角洲,中考考纲词汇,05_居家生活与服装购物
494,demand,-,v./n.,要求；需要/需求；需求量,中考考纲词汇,09_核心行为与动作动词
495,demise,-,n./v.,死亡；君权的转移或授予；禅让/遗赠；转让,中考考纲词汇,09_核心行为与动作动词
496,democracy,-,n.,民主、民主制度；民主国家,中考考纲词汇,05_居家生活与服装购物
497,demographic,-,adj.,人口的，人口统计的,中考考纲词汇,03_饮食烹饪与健康医疗
498,demolish,-,v.,毁坏；拆除；推翻,中考考纲词汇,09_核心行为与动作动词
499,demonstrate,-,v.,示范；演示；证明,中考考纲词汇,09_核心行为与动作动词
500,dense,-,adj.,密集的；稠密的,中考考纲词汇,10_情感态度与性质修饰
501,density,-,n.,密度；浓度,中考考纲词汇,08_职业工作与社会科技
502,dental,-,adj.,牙的；牙科的,中考考纲词汇,03_饮食烹饪与健康医疗
503,depart,-,v.,离开；启程,中考考纲词汇,09_核心行为与动作动词
504,department,-,n.,（政府的）部门；（大学的）系、所,中考考纲词汇,02_学校教育与学科学习
505,dependent,-,adj.,依靠的；依赖的,中考考纲词汇,10_情感态度与性质修饰
506,depict,-,v.,描述；描写；描绘,中考考纲词汇,09_核心行为与动作动词
507,deploy,-,v.,部署,中考考纲词汇,09_核心行为与动作动词
508,deposit,-,n.,存款；押金,中考考纲词汇,08_职业工作与社会科技
509,depression,-,n.,沮丧；消沉；萧条期；不景气,中考考纲词汇,08_职业工作与社会科技
510,deprive,-,v.,剥夺,中考考纲词汇,09_核心行为与动作动词
511,deputy,-,n.,代理人，副手,中考考纲词汇,03_饮食烹饪与健康医疗
512,derive,-,v.,得到；（使）源自,中考考纲词汇,09_核心行为与动作动词
513,descend,-,v.,下降，下来,中考考纲词汇,09_核心行为与动作动词
514,descendant,-,n./adj.,后裔；后代/下降的,中考考纲词汇,06_交通出行与地理旅游
515,describe,-,v.,描述；形容,中考考纲词汇,09_核心行为与动作动词
516,desert,-,n./v.,/ˈdez.ət/ 沙漠/ /dɪˈzɜːt/遗弃,中考考纲词汇,06_交通出行与地理旅游
517,deserve,-,v.,应得；应受,中考考纲词汇,09_核心行为与动作动词
518,design,-,v./n.,设计；计划/设计,中考考纲词汇,09_核心行为与动作动词
519,designate,-,v.,指明；选派；指派,中考考纲词汇,09_核心行为与动作动词
520,desirable,-,adj.,可取的；值得拥有的；合意的,中考考纲词汇,10_情感态度与性质修饰
521,desire,-,n./v.,愿望；欲望/渴望，期望,中考考纲词汇,03_饮食烹饪与健康医疗
522,desolate,-,adj.,荒凉的,中考考纲词汇,07_自然生态与天气动植物
523,despair,-,v./n.,绝望,中考考纲词汇,09_核心行为与动作动词
524,despatch,-,v.,派遣；调派；迅速处理,中考考纲词汇,09_核心行为与动作动词
525,desperate,-,adj.,绝望的；急需要的,中考考纲词汇,10_情感态度与性质修饰
526,destination,-,n.,目的地；终点,中考考纲词汇,08_职业工作与社会科技
527,destitute,-,adj.,赤贫的；一无所有的，缺乏,中考考纲词汇,10_情感态度与性质修饰
528,destruct,-,v.,（使）自毁,中考考纲词汇,09_核心行为与动作动词
529,destructive,-,adj.,破坏性的；有害的,中考考纲词汇,10_情感态度与性质修饰
530,detach,-,v.,（使）分开，（使）分离；派遣,中考考纲词汇,05_居家生活与服装购物
531,detail,-,n.,细节；（画等的）细节,中考考纲词汇,04_文体娱乐与节庆风俗
532,detect,-,v.,察觉；发觉；侦查出,中考考纲词汇,09_核心行为与动作动词
533,deter,-,v.,阻止；威慑住,中考考纲词汇,09_核心行为与动作动词
534,detergent,-,n.,洗涤剂,中考考纲词汇,08_职业工作与社会科技
535,deteriorate,-,v.,恶化；变坏,中考考纲词汇,09_核心行为与动作动词
536,determine,-,v.,决定；下定决心；查明,中考考纲词汇,09_核心行为与动作动词
537,detriment,-,n.,损害；损害物,中考考纲词汇,08_职业工作与社会科技
538,devastate,-,v.,毁坏，摧毁,中考考纲词汇,09_核心行为与动作动词
539,develop,-,v.,发展，开发,中考考纲词汇,09_核心行为与动作动词
540,deviate,-,v.,偏离；背离,中考考纲词汇,03_饮食烹饪与健康医疗
541,device,-,n.,装置；设备；手段；策略,中考考纲词汇,03_饮食烹饪与健康医疗
542,devil,-,n.,魔鬼；恶棍,中考考纲词汇,08_职业工作与社会科技
543,devise,-,v.,设计；发明,中考考纲词汇,08_职业工作与社会科技
544,devote,-,v.,献身，投入,中考考纲词汇,09_核心行为与动作动词
545,devour,-,v.,吞食；狼吞虎咽的吃,中考考纲词汇,07_自然生态与天气动植物
546,dew,-,n.,露水,中考考纲词汇,03_饮食烹饪与健康医疗
547,diabetes,-,n.,糖尿病,中考考纲词汇,03_饮食烹饪与健康医疗
548,diagnose,-,v.,判断；诊断,中考考纲词汇,09_核心行为与动作动词
549,diagonal,-,adj./n.,斜纹的；对角线的。对角线；斜纹织物,中考考纲词汇,05_居家生活与服装购物
550,diagram,-,n.,图表；示意图；图解,中考考纲词汇,08_职业工作与社会科技
551,dial,-,v.,拨（电话号码）,中考考纲词汇,08_职业工作与社会科技
552,dialect,-,n.,方言；地方话,中考考纲词汇,08_职业工作与社会科技
553,diameter,-,n.,直径,中考考纲词汇,08_职业工作与社会科技
554,diamond,-,n.,金刚石；钻石；菱形,中考考纲词汇,08_职业工作与社会科技
555,diary,-,n.,日记；日记簿,中考考纲词汇,08_职业工作与社会科技
556,dictate,-,v.,让（某人）听写；命令；强行规定,中考考纲词汇,01_个人家庭与人际交往
557,dictionary,-,n.,词典；字典,中考考纲词汇,02_学校教育与学科学习
558,diet,-,n.,日常饮食；（医生指定的）特别饮食；节食,中考考纲词汇,03_饮食烹饪与健康医疗
559,differ,-,v.,不同、相异,中考考纲词汇,09_核心行为与动作动词
560,differentiate,-,v.,区分；区别；差别对待,中考考纲词汇,05_居家生活与服装购物
561,digest,-,v.,消化、理解、领悟,中考考纲词汇,09_核心行为与动作动词
562,digital,-,adj.,数字的,中考考纲词汇,10_情感态度与性质修饰
563,dilemma,-,n.,/daɪˈlem.ə/ /dɪˈlem.ə/（进退两难的）困境,中考考纲词汇,08_职业工作与社会科技
564,diligent,-,adj.,勤勉的；勤奋的,中考考纲词汇,10_情感态度与性质修饰
565,dilute,-,v./adj.,冲淡；稀释。稀释了的；减弱了的,中考考纲词汇,09_核心行为与动作动词
566,dimension,-,n.,维度,中考考纲词汇,08_职业工作与社会科技
567,diminish,-,v.,减少；贬低,中考考纲词汇,09_核心行为与动作动词
568,dining hall,-,n.,食堂,中考考纲词汇,08_职业工作与社会科技
569,dioxide,-,n.,二氧化物,中考考纲词汇,08_职业工作与社会科技
570,dip,-,v.,蘸、浸,中考考纲词汇,09_核心行为与动作动词
571,diploma,-,n.,毕业文凭,中考考纲词汇,02_学校教育与学科学习
572,diplomat,-,n.,外交官；善于交际的人,中考考纲词汇,01_个人家庭与人际交往
573,direct,-,adj.,直接的；直率的,中考考纲词汇,10_情感态度与性质修饰
574,director,-,n.,主管；理事；导演,中考考纲词汇,08_职业工作与社会科技
575,dirt,-,n.,污垢；灰尘；泥土,中考考纲词汇,05_居家生活与服装购物
576,disable,-,v.,使丧失能力，使伤残,中考考纲词汇,03_饮食烹饪与健康医疗
577,disagree,-,v.,有分歧；不同意,中考考纲词汇,05_居家生活与服装购物
578,disappear,-,v.,失踪；消失,中考考纲词汇,09_核心行为与动作动词
579,disappoint,-,v.,使失望；使受挫折,中考考纲词汇,09_核心行为与动作动词
580,disaster,-,n.,灾难,中考考纲词汇,08_职业工作与社会科技
581,disc,-,n.,光碟；唱片；磁盘,中考考纲词汇,04_文体娱乐与节庆风俗
582,discard,-,v.,丢弃，抛弃,中考考纲词汇,09_核心行为与动作动词
583,discern,-,v.,察觉出；分辨出,中考考纲词汇,05_居家生活与服装购物
584,discernible,-,adj.,可辨别的；看得清的,中考考纲词汇,10_情感态度与性质修饰
585,discharge,-,v./n.,解雇/卸货,中考考纲词汇,08_职业工作与社会科技
586,discipline,-,n.,纪律；训练,中考考纲词汇,08_职业工作与社会科技
587,disclose,-,v.,揭露；透露,中考考纲词汇,09_核心行为与动作动词
588,discount,-,n./v.,折扣/打折出售,中考考纲词汇,05_居家生活与服装购物
589,discourage,-,v.,使灰心；使气馁；劝阻,中考考纲词汇,09_核心行为与动作动词
590,discover,-,v.,发现,中考考纲词汇,08_职业工作与社会科技
591,discrimination,-,n.,歧视,中考考纲词汇,08_职业工作与社会科技
592,discussion,-,n.,讨论；谈论,中考考纲词汇,08_职业工作与社会科技
593,disease,-,n.,疾病,中考考纲词汇,03_饮食烹饪与健康医疗
594,disguise,-,v./n.,掩饰；假扮；伪装/假扮；伪装物,中考考纲词汇,09_核心行为与动作动词
595,disgust,-,v./n.,使厌恶；使作呕/厌恶,中考考纲词汇,09_核心行为与动作动词
596,dish,-,n.,碟、菜肴,中考考纲词汇,08_职业工作与社会科技
597,dismiss,-,v.,解雇；解散；驳回,中考考纲词汇,08_职业工作与社会科技
598,displace,-,v.,移动...的位置；取代；代替,中考考纲词汇,06_交通出行与地理旅游
599,dispose,-,v.,布置；安排,中考考纲词汇,09_核心行为与动作动词
600,dispute,-,v./n.,争论，辩论,中考考纲词汇,09_核心行为与动作动词
601,disregard,-,v./n.,不顾，漠视/忽视，漠视,中考考纲词汇,09_核心行为与动作动词
602,disseminate,-,v.,散布；传播,中考考纲词汇,09_核心行为与动作动词
603,dissertation,-,n.,专题论文；（尤指）学位论文,中考考纲词汇,02_学校教育与学科学习
604,dissolve,-,v.,（使）溶解；解散,中考考纲词汇,09_核心行为与动作动词
605,distant,-,adj.,疏远的；遥远的,中考考纲词汇,10_情感态度与性质修饰
606,distil,-,v.,蒸馏；提取...的精华,中考考纲词汇,09_核心行为与动作动词
607,distinct,-,adj.,明显的；截然不同的,中考考纲词汇,10_情感态度与性质修饰
608,distinguish,-,v.,区别，辨别；使出众；使著名,中考考纲词汇,09_核心行为与动作动词
609,distress,-,n./v.,悲痛；穷困；不幸/使伤心；使忧虑,中考考纲词汇,03_饮食烹饪与健康医疗
610,distribute,-,v.,分发，分配,中考考纲词汇,05_居家生活与服装购物
611,disturb,-,v.,打扰，使焦虑，弄乱,中考考纲词汇,09_核心行为与动作动词
612,ditch,-,n./v.,沟、渠/抛弃,中考考纲词汇,09_核心行为与动作动词
613,dive,-,v.,跳水；潜水；俯冲,中考考纲词汇,03_饮食烹饪与健康医疗
614,diverse,-,adj.,不一样的；多种多样的,中考考纲词汇,10_情感态度与性质修饰
615,diversity,-,n.,多样性,中考考纲词汇,08_职业工作与社会科技
616,divide,-,v.,除以；除,中考考纲词汇,09_核心行为与动作动词
617,dividend,-,n.,股息；红利,中考考纲词汇,08_职业工作与社会科技
618,divorce,-,n./v.,离婚；脱离/（与...）离婚；使脱离,中考考纲词汇,05_居家生活与服装购物
619,dizzy,-,adj./v.,头晕目眩的；眩晕的/使眩晕,中考考纲词汇,03_饮食烹饪与健康医疗
620,dock,-,n.,码头；船坞,中考考纲词汇,03_饮食烹饪与健康医疗
621,doctor,-,n.,博士；医生,中考考纲词汇,03_饮食烹饪与健康医疗
622,doctrine,-,n.,学说；教义；信条,中考考纲词汇,08_职业工作与社会科技
623,documentary,-,n./adj.,纪录片；记录的,中考考纲词汇,10_情感态度与性质修饰
624,domain,-,n.,（活动、学问等的）领域；领土；领地,中考考纲词汇,02_学校教育与学科学习
625,dominate,-,v.,支配；控制；占优势,中考考纲词汇,09_核心行为与动作动词
626,donate,-,v.,捐款；捐献,中考考纲词汇,09_核心行为与动作动词
627,donkey,-,n.,驴子,中考考纲词汇,08_职业工作与社会科技
628,doom,-,n./v.,厄运；毁灭/使注定失败（或死亡等）,中考考纲词汇,04_文体娱乐与节庆风俗
629,dorm,-,n.,宿舍,中考考纲词汇,08_职业工作与社会科技
630,dormant,-,adj.,睡着的；休眠的；（动物等）冬眠的,中考考纲词汇,07_自然生态与天气动植物
631,dose,-,n./v.,一剂/给...服药,中考考纲词汇,03_饮食烹饪与健康医疗
632,dot,-,n./v.,点。在...打点,中考考纲词汇,09_核心行为与动作动词
633,double,-,adj./n./v.,两倍的。两倍数；两倍量。使加倍,中考考纲词汇,09_核心行为与动作动词
634,doubt,-,n./v.,怀疑，疑问/怀疑；不信,中考考纲词汇,09_核心行为与动作动词
635,downpour,-,n.,倾盆大雨,中考考纲词汇,07_自然生态与天气动植物
636,downsize,-,v.,使精简；裁员,中考考纲词汇,09_核心行为与动作动词
637,downtown,-,n./adj.,市中心/市中心的,中考考纲词汇,10_情感态度与性质修饰
638,doze,-,v.,小睡；打盹儿,中考考纲词汇,09_核心行为与动作动词
639,dozen,-,n.,一打；十二个；十来个,中考考纲词汇,08_职业工作与社会科技
640,draft,-,n.,草稿；汇票；起草,中考考纲词汇,07_自然生态与天气动植物
641,drag,-,v.,拖；拉；拽,中考考纲词汇,09_核心行为与动作动词
642,dragon,-,n.,龙；悍妇,中考考纲词汇,08_职业工作与社会科技
643,drain,-,v./n.,排空；流出；耗竭,中考考纲词汇,09_核心行为与动作动词
644,drainage,-,n.,排水系统；排水,中考考纲词汇,03_饮食烹饪与健康医疗
645,drama,-,n.,戏；剧；戏剧艺术,中考考纲词汇,02_学校教育与学科学习
646,dramatic,-,adj.,戏剧的；引人入胜的,中考考纲词汇,04_文体娱乐与节庆风俗
647,draw,-,v.,画；拉；拔出,中考考纲词汇,04_文体娱乐与节庆风俗
648,drawer,-,n.,抽屉,中考考纲词汇,02_学校教育与学科学习
649,dread,-,v./n.,极为害怕；非常担心/恐惧忧愁,中考考纲词汇,09_核心行为与动作动词
650,dredge,-,n./v.,挖泥船；挖掘机/挖掘；撒（糖；面粉等）,中考考纲词汇,03_饮食烹饪与健康医疗
651,dress,-,n.,衣服；连衣裙,中考考纲词汇,05_居家生活与服装购物
652,drift,-,v.,飘逸；漂流；流浪；漂泊,中考考纲词汇,09_核心行为与动作动词
653,drill,-,n./v.,钻机；反复练习/钻孔；训练,中考考纲词汇,09_核心行为与动作动词
654,drink,-,v./n.,饮、喝；喝酒/饮料,中考考纲词汇,03_饮食烹饪与健康医疗
655,drip,-,v.,滴出（液体）；滴下,中考考纲词汇,09_核心行为与动作动词
656,drop,-,v./n.,（使）落下；（使）降低；断绝关系/滴,中考考纲词汇,09_核心行为与动作动词
657,drought,-,n.,干旱；旱灾,中考考纲词汇,07_自然生态与天气动植物
658,drown,-,v.,淹死；浸泡,中考考纲词汇,09_核心行为与动作动词
659,drug,-,n.,毒品；药,中考考纲词汇,03_饮食烹饪与健康医疗
660,drum,-,n.,鼓；鼓状物；大桶,中考考纲词汇,04_文体娱乐与节庆风俗
661,drunk,-,adj.,醉的,中考考纲词汇,10_情感态度与性质修饰
662,due,-,adj.,到期的；预期的,中考考纲词汇,10_情感态度与性质修饰
663,dumb,-,adj.,哑的；不肯开口的,中考考纲词汇,03_饮食烹饪与健康医疗
664,dump,-,v.,丢弃；倾倒；倾销,中考考纲词汇,09_核心行为与动作动词
665,duplicate,-,v./n.,重复；副本；复制品,中考考纲词汇,09_核心行为与动作动词
666,durable,-,adj.,耐用的；持久的,中考考纲词汇,10_情感态度与性质修饰
667,duration,-,n.,持续时间；期间,中考考纲词汇,08_职业工作与社会科技
668,dusk,-,n.,黄昏,中考考纲词汇,08_职业工作与社会科技
669,dust,-,n.,尘土；灰尘,中考考纲词汇,08_职业工作与社会科技
670,duty,-,n.,职责；义务；关税,中考考纲词汇,08_职业工作与社会科技
671,dwarf,-,n./adj.,（童话中的）小矮人；侏儒/矮小的,中考考纲词汇,01_个人家庭与人际交往
672,dwelling,-,n.,住所,中考考纲词汇,08_职业工作与社会科技
673,dwindle,-,v.,缩小；减少,中考考纲词汇,09_核心行为与动作动词
674,dye,-,n.,染料；（染上的）颜色；染,中考考纲词汇,08_职业工作与社会科技
675,dynamics,-,n.,动力学；动态,中考考纲词汇,08_职业工作与社会科技
676,dynasty,-,n.,朝代,中考考纲词汇,08_职业工作与社会科技
677,dysfunction,-,n.,（身体）功能障碍,中考考纲词汇,03_饮食烹饪与健康医疗
678,each,-,pron./det.,各个，各自,中考考纲词汇,11_语法功能与数词介连词
679,eager,-,adj.,渴望的；热切的,中考考纲词汇,03_饮食烹饪与健康医疗
680,eagle,-,n.,雕,中考考纲词汇,08_职业工作与社会科技
681,earn,-,v.,赚得；赢得；获得,中考考纲词汇,04_文体娱乐与节庆风俗
682,earnest,-,adj.,认真的；诚恳的,中考考纲词汇,10_情感态度与性质修饰
683,earthquake,-,n.,地震,中考考纲词汇,07_自然生态与天气动植物
684,ease,-,v./n.,减轻；返送；缓和/容易；悠闲,中考考纲词汇,09_核心行为与动作动词
685,eastern,-,adj.,东方的,中考考纲词汇,06_交通出行与地理旅游
686,eaves,-,n.,屋檐,中考考纲词汇,08_职业工作与社会科技
687,eccentric,-,adj.,不同心圆的；古怪的,中考考纲词汇,10_情感态度与性质修饰
688,echo,-,n./v.,回声；发回声；模仿；重复,中考考纲词汇,09_核心行为与动作动词
689,eclipse,-,n.,日食；月食；黯然失色,中考考纲词汇,08_职业工作与社会科技
690,ecliptic,-,n.,黄道,中考考纲词汇,08_职业工作与社会科技
691,eco-friendly,-,adj.,对生态环境友好的,中考考纲词汇,07_自然生态与天气动植物
692,ecologist,-,n.,生态学家,中考考纲词汇,05_居家生活与服装购物
693,ecology,-,n.,生态学；生态,中考考纲词汇,07_自然生态与天气动植物
694,economics,-,n.,经济学,中考考纲词汇,08_职业工作与社会科技
695,economy,-,n.,经济；节约,中考考纲词汇,04_文体娱乐与节庆风俗
696,ecosystem,-,n.,生态系统,中考考纲词汇,07_自然生态与天气动植物
697,edge,-,n.,边；边缘；刀口,中考考纲词汇,03_饮食烹饪与健康医疗
698,edible,-,adj.,可以吃的,中考考纲词汇,10_情感态度与性质修饰
699,editor,-,n.,编辑；校订者,中考考纲词汇,08_职业工作与社会科技
700,education,-,n.,教育,中考考纲词汇,08_职业工作与社会科技
701,effective,-,adj.,有效的,中考考纲词汇,10_情感态度与性质修饰
702,efficient,-,adj.,效率高的,中考考纲词汇,10_情感态度与性质修饰
703,effort,-,n.,努力；努力的成果,中考考纲词汇,08_职业工作与社会科技
704,egalitarian,-,adj./n.,平等主义的/平等主义者,中考考纲词汇,10_情感态度与性质修饰
705,eggplant,-,n.,茄子,中考考纲词汇,08_职业工作与社会科技
706,ego,-,n.,自我；自尊；自负,中考考纲词汇,01_个人家庭与人际交往
707,el nino,-,n.,厄尔尼诺现象,中考考纲词汇,07_自然生态与天气动植物
708,elbow,-,n./v.,肘部；弯头；扶手/用肘挤,中考考纲词汇,03_饮食烹饪与健康医疗
709,elect,-,v.,选举；选择,中考考纲词汇,09_核心行为与动作动词
710,elective,-,adj.,选择性的,中考考纲词汇,10_情感态度与性质修饰
711,electron,-,n.,电子,中考考纲词汇,08_职业工作与社会科技
712,electronics,-,n.,电子学；电子器件,中考考纲词汇,08_职业工作与社会科技
713,elegance,-,n.,文雅；典雅,中考考纲词汇,08_职业工作与社会科技
714,element,-,n.,元素；组成部分；基本部分,中考考纲词汇,05_居家生活与服装购物
715,elementary,-,adj.,基本的；初级的,中考考纲词汇,10_情感态度与性质修饰
716,elephant,-,n.,大象,中考考纲词汇,07_自然生态与天气动植物
717,elevator,-,n.,[美]电梯,中考考纲词汇,05_居家生活与服装购物
718,elicit,-,v.,引出；探出；套出,中考考纲词汇,09_核心行为与动作动词
719,elite,-,n.,精英,中考考纲词汇,08_职业工作与社会科技
720,eloquence,-,n.,雄辩；流利的口才,中考考纲词汇,03_饮食烹饪与健康医疗
721,embark,-,v.,上船、飞机等；开始做,中考考纲词汇,06_交通出行与地理旅游
722,embarrass,-,v.,使尴尬，使窘迫，使局促不安,中考考纲词汇,09_核心行为与动作动词
723,embellish,-,v.,修饰,中考考纲词汇,09_核心行为与动作动词
724,embroider,-,v.,对（故事等）加以渲染；在...上刺绣,中考考纲词汇,09_核心行为与动作动词
725,embryo,-,n./adj.,胚胎/胚胎的，初期的,中考考纲词汇,10_情感态度与性质修饰
726,emerge,-,v.,浮现；露出；暴露；摆脱出来,中考考纲词汇,05_居家生活与服装购物
727,emergency,-,n./adj.,紧急事件/应急的,中考考纲词汇,10_情感态度与性质修饰
728,emigrate,-,v.,移居国外,中考考纲词汇,09_核心行为与动作动词
729,eminent,-,adj.,著名的；杰出的,中考考纲词汇,10_情感态度与性质修饰
730,emission,-,n.,排放；散发；排放物,中考考纲词汇,08_职业工作与社会科技
731,emit,-,v.,散发 (光、热、气等,中考考纲词汇,09_核心行为与动作动词
732,emotion,-,n.,情绪，情感，感情,中考考纲词汇,03_饮食烹饪与健康医疗
733,emperor,-,n.,皇帝,中考考纲词汇,08_职业工作与社会科技
734,emphasise,-,v.,强调；着重,中考考纲词汇,09_核心行为与动作动词
735,empire,-,n.,帝国,中考考纲词汇,08_职业工作与社会科技
736,empirical,-,adj.,经验主义的；以实验为依据的,中考考纲词汇,10_情感态度与性质修饰
737,employ,-,v.,雇用；采用,中考考纲词汇,09_核心行为与动作动词
738,enable,-,v.,使能够,中考考纲词汇,09_核心行为与动作动词
739,enact,-,v.,通过（法律）；表演,中考考纲词汇,04_文体娱乐与节庆风俗
740,enclose,-,v.,围住；包围；把...封入信封；随信附上,中考考纲词汇,09_核心行为与动作动词
741,encounter,-,v./n.,遭遇；偶遇；邂逅,中考考纲词汇,01_个人家庭与人际交往
742,encourage,-,v.,鼓励，激励，怂恿,中考考纲词汇,04_文体娱乐与节庆风俗
743,encyclopedia,-,n.,百科全书,中考考纲词汇,02_学校教育与学科学习
744,endanger,-,v.,使遭受危险；危及,中考考纲词汇,09_核心行为与动作动词
745,endow,-,v.,捐赠；赋予,中考考纲词汇,09_核心行为与动作动词
746,endure,-,v.,忍耐；忍受；持久,中考考纲词汇,09_核心行为与动作动词
747,enemy,-,n.,敌人；仇敌；敌军,中考考纲词汇,01_个人家庭与人际交往
748,energetic,-,adj.,充满活力的；精力充沛的,中考考纲词汇,10_情感态度与性质修饰
749,energy,-,n.,能源；精力,中考考纲词汇,08_职业工作与社会科技
750,enforce,-,v.,强制执行；强行实施；迫使,中考考纲词汇,09_核心行为与动作动词
751,engagement,-,n.,婚约；约定,中考考纲词汇,08_职业工作与社会科技
752,engineer,-,n.,工程师；技师,中考考纲词汇,08_职业工作与社会科技
753,engineering,-,n.,工程；工程学,中考考纲词汇,08_职业工作与社会科技
754,engrave,-,v.,在...上雕刻,中考考纲词汇,09_核心行为与动作动词
755,enhance,-,v.,提高；增强,中考考纲词汇,09_核心行为与动作动词
756,enlarge,-,v.,扩大，扩展；放大,中考考纲词汇,09_核心行为与动作动词
757,enlighten,-,v.,启发；开导；启迪,中考考纲词汇,09_核心行为与动作动词
758,enormity,-,n.,巨大；滔天大罪,中考考纲词汇,08_职业工作与社会科技
759,enrich,-,v.,使富有；充实,中考考纲词汇,09_核心行为与动作动词
760,enrol,-,v.,登记；注册；加入,中考考纲词汇,06_交通出行与地理旅游
761,enter,-,v.,进入,中考考纲词汇,09_核心行为与动作动词
762,enterprise,-,n.,企业；事业,中考考纲词汇,08_职业工作与社会科技
763,enterprising,-,adj.,有事业心的；有进取心的；有魄力的,中考考纲词汇,10_情感态度与性质修饰
764,entertain,-,v.,娱乐；招待；心存；怀有,中考考纲词汇,09_核心行为与动作动词
765,enthusiastic,-,adj.,热心的；热情的,中考考纲词汇,01_个人家庭与人际交往
766,entitle,-,v.,给...权力（或资格）；给...题名,中考考纲词汇,09_核心行为与动作动词
767,entity,-,n.,实体，独立存在物,中考考纲词汇,08_职业工作与社会科技
768,entrance,-,n.,入口；进入权,中考考纲词汇,03_饮食烹饪与健康医疗
769,entry,-,n.,进入；进入权,中考考纲词汇,08_职业工作与社会科技
770,envelope,-,n.,信封,中考考纲词汇,08_职业工作与社会科技
771,environment,-,n.,环境,中考考纲词汇,07_自然生态与天气动植物
772,envy,-,n./v.,羡慕；嫉妒,中考考纲词汇,09_核心行为与动作动词
773,enzyme,-,n.,酶,中考考纲词汇,08_职业工作与社会科技
774,epic,-,n./adj.,史诗；宏大的,中考考纲词汇,10_情感态度与性质修饰
775,epidemic,-,n./adj.,流行病；（坏事的）盛行；流行性的；极为盛行的,中考考纲词汇,10_情感态度与性质修饰
776,equation,-,n.,相等；平衡；综合体；方程式；等式,中考考纲词汇,08_职业工作与社会科技
777,equator,-,n.,赤道,中考考纲词汇,08_职业工作与社会科技
778,equip,-,v.,配备，装备,中考考纲词汇,09_核心行为与动作动词
779,equipment,-,n.,设备,中考考纲词汇,08_职业工作与社会科技
780,equity,-,n.,公平,中考考纲词汇,08_职业工作与社会科技
781,era,-,n.,时代；年代；纪元,中考考纲词汇,05_居家生活与服装购物
782,erase,-,v.,清除；抹去,中考考纲词汇,09_核心行为与动作动词
783,erection,-,n.,建筑、建造,中考考纲词汇,08_职业工作与社会科技
784,erode,-,v.,侵蚀；腐蚀,中考考纲词汇,09_核心行为与动作动词
785,error,-,n.,错误；过失,中考考纲词汇,08_职业工作与社会科技
786,erupt,-,v.,爆发；喷发；（斑疹等）突然出现,中考考纲词汇,09_核心行为与动作动词
787,escalate,-,v.,（使）逐步升级；（使）不断恶化,中考考纲词汇,09_核心行为与动作动词
788,escalator,-,n.,自动扶梯、滚梯,中考考纲词汇,08_职业工作与社会科技
789,escape,-,n./v.,逃跑；逃脱；逃避,中考考纲词汇,05_居家生活与服装购物
790,essay,-,n.,短文；小品文,中考考纲词汇,08_职业工作与社会科技
791,establish,-,v.,建立；设立,中考考纲词汇,09_核心行为与动作动词
792,estate,-,n.,地产；遗产,中考考纲词汇,08_职业工作与社会科技
793,esteem,-,v.,尊重；尊敬,中考考纲词汇,09_核心行为与动作动词
794,estimate,-,n./v.,估计；估价；评价,中考考纲词汇,09_核心行为与动作动词
795,ethic,-,n.,行为准则；ethics 道德规范，伦理标准,中考考纲词汇,08_职业工作与社会科技
796,ethical,-,adj.,伦理的；道德的,中考考纲词汇,10_情感态度与性质修饰
797,ethnic,-,adj.,民族的；种族的,中考考纲词汇,10_情感态度与性质修饰
798,etiquette,-,n.,礼仪；礼节,中考考纲词汇,04_文体娱乐与节庆风俗
799,european,-,adj./n.,欧洲的/欧洲人,中考考纲词汇,06_交通出行与地理旅游
800,evacuate,-,v.,疏散；撤离,中考考纲词汇,09_核心行为与动作动词
801,evaluate,-,v.,评价；评估,中考考纲词汇,09_核心行为与动作动词
802,evaporate,-,v.,使蒸发；消失,中考考纲词汇,09_核心行为与动作动词
803,even,-,adj./adv.,均匀的；偶数的；相等的。甚至,中考考纲词汇,09_核心行为与动作动词
804,event,-,n.,事件；大事；公开活动,中考考纲词汇,08_职业工作与社会科技
805,everlasting,-,adj.,永恒的,中考考纲词汇,10_情感态度与性质修饰
806,evidence,-,n.,证据；根据,中考考纲词汇,08_职业工作与社会科技
807,evil,-,n./adj.,邪恶；祸害/邪恶的,中考考纲词汇,10_情感态度与性质修饰
808,evolve,-,v.,进化；发展,中考考纲词汇,09_核心行为与动作动词
809,exaggerate,-,v.,夸张；夸大,中考考纲词汇,09_核心行为与动作动词
810,examination,-,n.,考试；抽查,中考考纲词汇,02_学校教育与学科学习
811,example,-,n.,例子；榜样,中考考纲词汇,08_职业工作与社会科技
812,excavate,-,v.,发掘；挖掘,中考考纲词汇,09_核心行为与动作动词
813,exceed,-,v.,超出,中考考纲词汇,09_核心行为与动作动词
814,excellent,-,adj.,杰出的；优秀的,中考考纲词汇,10_情感态度与性质修饰
815,excessive,-,adj.,过分的；过多的,中考考纲词汇,05_居家生活与服装购物
816,exchange,-,n.,交换；兑换,中考考纲词汇,08_职业工作与社会科技
817,exciting,-,adj.,令人兴奋的；使人激动的,中考考纲词汇,01_个人家庭与人际交往
818,exclude,-,v.,把...排除在外；拒绝,中考考纲词汇,09_核心行为与动作动词
819,excrete,-,v.,排泄；分泌,中考考纲词汇,05_居家生活与服装购物
820,excursion,-,n.,远足；短程旅行,中考考纲词汇,03_饮食烹饪与健康医疗
821,excuse,-,v./n.,原谅；同意免除/理由；借口,中考考纲词汇,03_饮食烹饪与健康医疗
822,execute,-,v.,实行，执行；处死,中考考纲词汇,09_核心行为与动作动词
823,exercise,-,n./v.,锻炼；运动；习题；练习。锻炼,中考考纲词汇,03_饮食烹饪与健康医疗
824,exert,-,v.,运用，行驶；施加,中考考纲词汇,09_核心行为与动作动词
825,exhale,-,v.,呼气；呼出,中考考纲词汇,09_核心行为与动作动词
826,exhaust,-,v.,使精疲力竭；用完；耗尽,中考考纲词汇,09_核心行为与动作动词
827,exhibition,-,n.,展览,中考考纲词汇,08_职业工作与社会科技
828,exhilarate,-,v.,使高兴；使兴奋,中考考纲词汇,09_核心行为与动作动词
829,exist,-,v.,存在；生存,中考考纲词汇,09_核心行为与动作动词
830,exit,-,n./v.,出口；退场；离去/离去,中考考纲词汇,03_饮食烹饪与健康医疗
831,exotic,-,adj.,外来的；异国情调的,中考考纲词汇,10_情感态度与性质修饰
832,expand,-,v.,扩充；扩大；扩展,中考考纲词汇,09_核心行为与动作动词
833,expanse,-,n.,广阔；辽阔,中考考纲词汇,08_职业工作与社会科技
834,expect,-,v.,预料；期待,中考考纲词汇,09_核心行为与动作动词
835,expedition,-,n.,远征；探险,中考考纲词汇,06_交通出行与地理旅游
836,expel,-,V.,驱逐；开除；排出,中考考纲词汇,08_职业工作与社会科技
837,expense,-,n.,费用；花费,中考考纲词汇,05_居家生活与服装购物
838,experience,-,n.,经验；（一次）经历、体验,中考考纲词汇,08_职业工作与社会科技
839,experiment,-,n.,实验；试验,中考考纲词汇,08_职业工作与社会科技
840,experimental,-,adj.,实验性的,中考考纲词汇,10_情感态度与性质修饰
841,expertise,-,n.,专门技能,中考考纲词汇,05_居家生活与服装购物
842,expire,-,v.,期满；气绝；死亡,中考考纲词汇,09_核心行为与动作动词
843,explain,-,v.,说明；解释,中考考纲词汇,09_核心行为与动作动词
844,exploit,-,v.,开发；开采；开拓,中考考纲词汇,09_核心行为与动作动词
845,exploration,-,n.,探索,中考考纲词汇,08_职业工作与社会科技
846,explore,-,v.,勘察；考察；探讨,中考考纲词汇,09_核心行为与动作动词
847,explosion,-,n.,爆发；迸发；爆炸；激增,中考考纲词汇,08_职业工作与社会科技
848,exponent,-,n.,阐述者；倡导者；拥护者,中考考纲词汇,08_职业工作与社会科技
849,export,-,v./n.,出口/出口；出口商品,中考考纲词汇,03_饮食烹饪与健康医疗
850,expose,-,v.,使暴露；揭发；使曝光,中考考纲词汇,09_核心行为与动作动词
851,express,-,n./v./adj.,特快列车；快递服务/表示/特快的,中考考纲词汇,06_交通出行与地理旅游
852,expression,-,n.,词语；表达；表情,中考考纲词汇,08_职业工作与社会科技
853,exquisite,-,adj.,精致的；雅致的,中考考纲词汇,10_情感态度与性质修饰
854,extent,-,n.,广度；范围；程度,中考考纲词汇,08_职业工作与社会科技
855,exterior,-,n./adj.,外部；外观/外部的,中考考纲词汇,10_情感态度与性质修饰
856,exterminate,-,v.,消灭；根除,中考考纲词汇,09_核心行为与动作动词
857,external,-,adj.,外来的；外面的；对外的,中考考纲词汇,10_情感态度与性质修饰
858,extinction,-,n.,灭绝,中考考纲词汇,08_职业工作与社会科技
859,extinguish,-,v.,扑灭（火）；使（想法；感情等）破灭,中考考纲词汇,09_核心行为与动作动词
860,extract,-,n.,摘录,中考考纲词汇,08_职业工作与社会科技
861,extravagant,-,adj.,奢侈的；过分的,中考考纲词汇,05_居家生活与服装购物
862,eyelash,-,n.,眼睫毛,中考考纲词汇,03_饮食烹饪与健康医疗
863,eyesight,-,n.,视力,中考考纲词汇,08_职业工作与社会科技
864,fabric,-,n.,织物；布料,中考考纲词汇,08_职业工作与社会科技
865,facilitate,-,v.,使便利；促进,中考考纲词汇,09_核心行为与动作动词
866,facility,-,n.,设备；便利,中考考纲词汇,08_职业工作与社会科技
867,factor,-,n.,因素；要素,中考考纲词汇,08_职业工作与社会科技
868,faculty,-,n.,（大学的）系、院；全体教员,中考考纲词汇,02_学校教育与学科学习
869,fade,-,v.,逐渐消失；（使）褪色,中考考纲词汇,09_核心行为与动作动词
870,fahrenheit,-,adj.,华氏温标的,中考考纲词汇,10_情感态度与性质修饰
871,failure,-,n.,失败；失败的人；失败的事,中考考纲词汇,04_文体娱乐与节庆风俗
872,faint,-,adj./v.,模糊的；微弱的；虚弱的/晕倒,中考考纲词汇,09_核心行为与动作动词
873,fair,-,adj.,公平的；公章的,中考考纲词汇,10_情感态度与性质修饰
874,fake,-,adj./n.,假冒的；冒充者；假货,中考考纲词汇,10_情感态度与性质修饰
875,falcon,-,n.,隼；猎鹰,中考考纲词汇,07_自然生态与天气动植物
876,false,-,adj.,不正确的；虚假的；伪造的,中考考纲词汇,10_情感态度与性质修饰
877,familiar,-,adj.,熟悉的,中考考纲词汇,10_情感态度与性质修饰
878,famine,-,n.,饥荒,中考考纲词汇,08_职业工作与社会科技
879,famous,-,adj.,著名的；出名的,中考考纲词汇,10_情感态度与性质修饰
880,fan,-,n./v.,扇子；风扇；狂热爱好者；扇,中考考纲词汇,04_文体娱乐与节庆风俗
881,fancy,-,n./v.,想象（力）；爱好/认为；想象,中考考纲词汇,04_文体娱乐与节庆风俗
882,fantasy,-,n.,幻想,中考考纲词汇,08_职业工作与社会科技
883,fare,-,n.,车费；路费,中考考纲词汇,08_职业工作与社会科技
884,farewell,-,int./n.,再会/告别,中考考纲词汇,01_个人家庭与人际交往
885,fascinate,-,v.,迷住,中考考纲词汇,09_核心行为与动作动词
886,fashion,-,n./v.,时尚；制作；制成,中考考纲词汇,09_核心行为与动作动词
887,fasten,-,v.,扣牢，系紧,中考考纲词汇,09_核心行为与动作动词
888,fatal,-,adj.,致命的；毁灭性的；决定性的,中考考纲词汇,10_情感态度与性质修饰
889,fate,-,n.,命运；宿命,中考考纲词汇,08_职业工作与社会科技
890,father-in-law,-,n.,岳父，公公,中考考纲词汇,08_职业工作与社会科技
891,fatigue,-,n./v.,疲劳/（使）疲劳,中考考纲词汇,09_核心行为与动作动词
892,fault,-,n./v.,缺点；故障/找出缺点,中考考纲词汇,09_核心行为与动作动词
893,fauna,-,n.,（尤指某一地区的）动物群,中考考纲词汇,07_自然生态与天气动植物
894,favor,-,n.,偏爱；赞同；恩惠；帮助,中考考纲词汇,08_职业工作与社会科技
895,favourable,-,adj.,有利的；赞成的；肯定的,中考考纲词汇,10_情感态度与性质修饰
896,fear,-,n./v.,害怕；担心,中考考纲词汇,09_核心行为与动作动词
897,feast,-,n.,盛宴；（宗教）节日,中考考纲词汇,04_文体娱乐与节庆风俗
898,feather,-,n.,羽毛,中考考纲词汇,08_职业工作与社会科技
899,feature,-,n./v.,特征；面容的一部分/以...为特色,中考考纲词汇,05_居家生活与服装购物
900,federal,-,adj.,联邦的；联合的,中考考纲词汇,06_交通出行与地理旅游
901,fee,-,n.,酬金；费用,中考考纲词汇,08_职业工作与社会科技
902,feeble,-,adj.,虚弱的；无力的；微弱的,中考考纲词汇,10_情感态度与性质修饰
903,feed,-,v.,供养；喂养；进食,中考考纲词汇,09_核心行为与动作动词
904,feedback,-,n.,反馈；反应,中考考纲词汇,08_职业工作与社会科技
905,feel,-,v.,感觉到，感知；触碰,中考考纲词汇,09_核心行为与动作动词
906,fellowship,-,n.,研究生奖学金,中考考纲词汇,02_学校教育与学科学习
907,female,-,n./adj.,女子 ；雌性生物/女的；雌性的,中考考纲词汇,02_学校教育与学科学习
908,fence,-,n.,栅栏；围栏,中考考纲词汇,08_职业工作与社会科技
909,ferment,-,v./n.,（使）发酵；骚动。酶；发酵；动乱,中考考纲词汇,09_核心行为与动作动词
910,ferry,-,n./v.,渡船/渡运,中考考纲词汇,09_核心行为与动作动词
911,fertile,-,adj.,富饶的；肥沃的,中考考纲词汇,10_情感态度与性质修饰
912,fertilise,-,v.,施肥于,中考考纲词汇,09_核心行为与动作动词
913,festival,-,n.,节日,中考考纲词汇,04_文体娱乐与节庆风俗
914,feudalism,-,n.,封建主义；封建制度,中考考纲词汇,08_职业工作与社会科技
915,fever,-,n./v.,狂热；发烧；发热/（使）发烧；（使）狂热,中考考纲词汇,03_饮食烹饪与健康医疗
916,fiber,-,n.,纤维；纤维素,中考考纲词汇,08_职业工作与社会科技
917,fiction,-,n.,小说；虚构；杜撰,中考考纲词汇,02_学校教育与学科学习
918,field,-,n.,领域,中考考纲词汇,08_职业工作与社会科技
919,fierce,-,adj.,凶猛的；猛烈的；（天气或温度）恶劣的,中考考纲词汇,07_自然生态与天气动植物
920,figure,-,n./v.,身材；身影；重要人物；数字；认为,中考考纲词汇,01_个人家庭与人际交往
921,file,-,n./v.,档案；把...归档,中考考纲词汇,09_核心行为与动作动词
922,film,-,n.,影片；胶卷,中考考纲词汇,04_文体娱乐与节庆风俗
923,filter,-,v./n.,过滤；（光或声音）透过；过滤器,中考考纲词汇,09_核心行为与动作动词
924,fin,-,n.,鳍,中考考纲词汇,08_职业工作与社会科技
925,finally,-,adv.,最后；终于；决定性地,中考考纲词汇,06_交通出行与地理旅游
926,financial,-,adj.,财政的；金融的,中考考纲词汇,08_职业工作与社会科技
927,fine,-,n./adj.,罚款/美好的,中考考纲词汇,10_情感态度与性质修饰
928,finger,-,n.,手指,中考考纲词汇,03_饮食烹饪与健康医疗
929,finish,-,v./n.,完成；结束/结尾；最后部分,中考考纲词汇,05_居家生活与服装购物
930,fire,-,v./n.,解雇/火,中考考纲词汇,08_职业工作与社会科技
931,fireman,-,n.,消防队员,中考考纲词汇,08_职业工作与社会科技
932,fireplace,-,n.,壁炉,中考考纲词汇,08_职业工作与社会科技
933,firm,-,n./adj.,公司/坚定的；坚固的,中考考纲词汇,08_职业工作与社会科技
934,first,-,ord./adv.,第一/最初,中考考纲词汇,11_语法功能与数词介连词
935,fish,-,n./v.,鱼/钓鱼,中考考纲词汇,07_自然生态与天气动植物
936,fisherman,-,n.,渔民，渔夫，垂钓者,中考考纲词汇,08_职业工作与社会科技
937,fist,-,n.,拳头,中考考纲词汇,03_饮食烹饪与健康医疗
938,fitness,-,n.,健康；合适,中考考纲词汇,03_饮食烹饪与健康医疗
939,fix,-,v.,修理；使固定,中考考纲词汇,09_核心行为与动作动词
940,flag,-,n.,旗,中考考纲词汇,08_职业工作与社会科技
941,flame,-,n.,火焰；强烈的情感,中考考纲词汇,08_职业工作与社会科技
942,flare,-,n./v.,（闪耀的）火光；闪光信号灯/闪耀,中考考纲词汇,05_居家生活与服装购物
943,flash,-,v./n.,闪光；反射,中考考纲词汇,09_核心行为与动作动词
944,flashlight,-,n.,闪光灯的闪光；手电筒,中考考纲词汇,03_饮食烹饪与健康医疗
945,flat,-,n.,[尤英]单元房；公寓,中考考纲词汇,05_居家生活与服装购物
946,flatter,-,v.,奉承，讨好，向...谄媚,中考考纲词汇,09_核心行为与动作动词
947,flavor,-,n.,味道、口味、特色、风格,中考考纲词汇,03_饮食烹饪与健康医疗
948,flaw,-,n.,缺陷；错误,中考考纲词汇,08_职业工作与社会科技
949,flee,-,v.,逃避，逃离,中考考纲词汇,09_核心行为与动作动词
950,fleet,-,n.,舰队，船队；机群，车队,中考考纲词汇,08_职业工作与社会科技
951,flesh,-,n.,肉；人类,中考考纲词汇,03_饮食烹饪与健康医疗
952,flexible,-,adj.,灵活的；弹性的,中考考纲词汇,10_情感态度与性质修饰
953,flight,-,n.,飞行；航班,中考考纲词汇,06_交通出行与地理旅游
954,flip,-,v./n.,掷；快速翻转。随便的；宽泛的,中考考纲词汇,09_核心行为与动作动词
955,float,-,v.,漂浮；浮动,中考考纲词汇,09_核心行为与动作动词
956,flock,-,n./v.,（羊或鸟）群/聚集,中考考纲词汇,07_自然生态与天气动植物
957,flooding,-,n.,洪水泛滥,中考考纲词汇,03_饮食烹饪与健康医疗
958,flora,-,n.,（尤指某一地区的）植物群,中考考纲词汇,07_自然生态与天气动植物
959,flour,-,n.,面粉,中考考纲词汇,08_职业工作与社会科技
960,flourish,-,v.,繁荣；兴旺；茁壮成长,中考考纲词汇,09_核心行为与动作动词
961,flower,-,n./v.,花；开花植物/成熟；繁荣；开花,中考考纲词汇,07_自然生态与天气动植物
962,flu,-,n.,流行性感冒,中考考纲词汇,03_饮食烹饪与健康医疗
963,fluctuate,-,v.,波动；起伏,中考考纲词汇,09_核心行为与动作动词
964,fluid,-,n./adj.,液体；流体。流动的,中考考纲词汇,10_情感态度与性质修饰
965,flute,-,n.,长笛,中考考纲词汇,04_文体娱乐与节庆风俗
966,flyby,-,n.,（航天器对行星或卫星的）飞掠,中考考纲词汇,08_职业工作与社会科技
967,focus,-,v./n.,集中于；焦点,中考考纲词汇,09_核心行为与动作动词
968,fold,-,v.,折叠，对折,中考考纲词汇,09_核心行为与动作动词
969,folk,-,n.,人们；[~s]家属，亲属,中考考纲词汇,05_居家生活与服装购物
970,follow,-,v.,跟随；是...的必然结果；遵循,中考考纲词汇,09_核心行为与动作动词
971,fond,-,adj.,喜爱的；溺爱的,中考考纲词汇,10_情感态度与性质修饰
972,food,-,n.,食物,中考考纲词汇,03_饮食烹饪与健康医疗
973,fool,-,n./v.,蠢人；傻子/欺骗,中考考纲词汇,01_个人家庭与人际交往
974,forbid,-,v.,禁止；阻止,中考考纲词汇,09_核心行为与动作动词
975,force,-,n./v.,力量；武力/强迫；迫使,中考考纲词汇,09_核心行为与动作动词
976,forecast,-,n./v.,预测；预报/预测；预言,中考考纲词汇,09_核心行为与动作动词
977,forehead,-,n.,额,中考考纲词汇,03_饮食烹饪与健康医疗
978,foreign,-,adj.,外国的；外来的；外交的,中考考纲词汇,10_情感态度与性质修饰
979,foreigner,-,n.,外国人,中考考纲词汇,01_个人家庭与人际交往
980,foremost,-,adj.,最前的；最重要的,中考考纲词汇,06_交通出行与地理旅游
981,foresee,-,v.,预见；预知,中考考纲词汇,09_核心行为与动作动词
982,forestry,-,n.,林学；林业,中考考纲词汇,08_职业工作与社会科技
983,forge,-,n./v.,炼铁炉；锻造；伪造,中考考纲词汇,09_核心行为与动作动词
984,forgive,-,v.,原谅，宽恕，饶恕,中考考纲词汇,09_核心行为与动作动词
985,forgo,-,v.,放弃,中考考纲词汇,09_核心行为与动作动词
986,fork,-,n.,餐叉、分岔处,中考考纲词汇,03_饮食烹饪与健康医疗
987,formation,-,n.,形成,中考考纲词汇,08_职业工作与社会科技
988,former,-,adj./pron.,以前的；前者的/前者,中考考纲词汇,11_语法功能与数词介连词
989,formula,-,n.,公式；方程式；原则；配方；分子式,中考考纲词汇,05_居家生活与服装购物
990,fortune,-,n.,命运；运气；财产,中考考纲词汇,08_职业工作与社会科技
991,forum,-,n.,论坛；讨论会；公开讨论广场,中考考纲词汇,06_交通出行与地理旅游
992,fossil,-,n.,化石,中考考纲词汇,08_职业工作与社会科技
993,foul,-,adj./v.,恶臭的；恶劣的；邪恶的/弄脏；对...犯规,中考考纲词汇,09_核心行为与动作动词
994,found,-,v.,创建、创办,中考考纲词汇,09_核心行为与动作动词
995,foundation,-,n.,基础；地基；基金会,中考考纲词汇,08_职业工作与社会科技
996,fountain,-,n.,喷泉；源泉,中考考纲词汇,08_职业工作与社会科技
997,fox,-,n.,狐狸🦊；狡猾的人,中考考纲词汇,01_个人家庭与人际交往
998,fraction,-,n.,分数；小部分；片段,中考考纲词汇,02_学校教育与学科学习
999,fragile,-,adj.,易碎的；脆弱的,中考考纲词汇,10_情感态度与性质修饰
1000,fragment,-,n./v.,碎片；片段；（使）碎裂,中考考纲词汇,09_核心行为与动作动词
1001,frame,-,n.,框架；眼镜框；构架,中考考纲词汇,03_饮食烹饪与健康医疗
1002,framework,-,n.,框架；体系；结构,中考考纲词汇,08_职业工作与社会科技
1003,france,-,n.,法国,中考考纲词汇,08_职业工作与社会科技
1004,franchise,-,v./n.,向…授予（或出售）特许经销权/特许权,中考考纲词汇,05_居家生活与服装购物
1005,frank,-,adj.,坦白的；直率的,中考考纲词汇,10_情感态度与性质修饰
1006,fraud,-,n.,骗子；赝品；欺诈,中考考纲词汇,08_职业工作与社会科技
1007,freedom,-,n.,自由；独立自主,中考考纲词汇,08_职业工作与社会科技
1008,freeze,-,v./n.,结冰；霜冻；严寒期,中考考纲词汇,07_自然生态与天气动植物
1009,freight,-,n./v.,货运；货物/运送（货物）,中考考纲词汇,09_核心行为与动作动词
1010,frequency,-,n.,频率；发生次数,中考考纲词汇,08_职业工作与社会科技
1011,fresher,-,n.,[英]（大学）一年级新生,中考考纲词汇,02_学校教育与学科学习
1012,friction,-,n.,摩擦力；摩擦；不和；矛盾,中考考纲词汇,08_职业工作与社会科技
1013,fridge,-,n.,冰箱,中考考纲词汇,05_居家生活与服装购物
1014,friendly,-,adj.,友好的；友善的,中考考纲词汇,01_个人家庭与人际交往
1015,friendship,-,n.,友谊；有情；友好,中考考纲词汇,01_个人家庭与人际交往
1016,frighten,-,v.,使害怕；使惊恐,中考考纲词汇,09_核心行为与动作动词
1017,frigid,-,adj.,寒冷的,中考考纲词汇,07_自然生态与天气动植物
1018,fringe,-,n./adj.,边缘；刘海/非主要的；次要的；边缘的，附加的,中考考纲词汇,10_情感态度与性质修饰
1019,frog,-,n.,青蛙,中考考纲词汇,08_职业工作与社会科技
1020,frost,-,n.,霜；霜冻；严寒,中考考纲词汇,07_自然生态与天气动植物
1021,frown,-,n./v.,皱眉；不悦/皱眉；表示不悦,中考考纲词汇,09_核心行为与动作动词
1022,fruit,-,n.,水果,中考考纲词汇,03_饮食烹饪与健康医疗
1023,frustrating,-,adj.,令人灰心的；使人沮丧的,中考考纲词汇,01_个人家庭与人际交往
1024,fry,-,v.,油煎,中考考纲词汇,03_饮食烹饪与健康医疗
1025,fuel,-,n./v.,燃料；给...加燃料,中考考纲词汇,09_核心行为与动作动词
1026,fulfil,-,v.,履行；实现；完成；满足,中考考纲词汇,03_饮食烹饪与健康医疗
1027,fume,-,n./v.,（难闻有害的）烟，气体；发怒，愤怒,中考考纲词汇,09_核心行为与动作动词
1028,fun,-,n./adj.,乐趣；玩笑/有趣的,中考考纲词汇,10_情感态度与性质修饰
1029,functional,-,adj.,功能的；起作用的,中考考纲词汇,10_情感态度与性质修饰
1030,fund,-,v./n.,资助/基金；资金,中考考纲词汇,08_职业工作与社会科技
1031,fundamental,-,adj.,基础的；基本的；根本的,中考考纲词汇,10_情感态度与性质修饰
1032,funeral,-,n.,葬礼,中考考纲词汇,08_职业工作与社会科技
1033,fungus,-,n.,真菌,中考考纲词汇,08_职业工作与社会科技
1034,fur,-,n.,软毛；毛皮,中考考纲词汇,03_饮食烹饪与健康医疗
1035,furious,-,adj.,狂怒的；暴怒的,中考考纲词汇,10_情感态度与性质修饰
1036,furnace,-,n.,熔炉；暖气炉,中考考纲词汇,05_居家生活与服装购物
1037,furnish,-,v.,为...配备家具陈设,中考考纲词汇,05_居家生活与服装购物
1038,fuse,-,n./v.,保险丝；导火线；（使）融化、融合,中考考纲词汇,07_自然生态与天气动植物
1039,fuss,-,n.,大惊小怪；无所谓的纷扰,中考考纲词汇,08_职业工作与社会科技
1040,gain,-,v./n.,获得；增加/增加；改进,中考考纲词汇,09_核心行为与动作动词
1041,galaxy,-,n.,星系,中考考纲词汇,08_职业工作与社会科技
1042,gale,-,n.,大风,中考考纲词汇,07_自然生态与天气动植物
1043,gallery,-,n.,美术馆,中考考纲词汇,02_学校教育与学科学习
1044,gamble,-,v./n.,赌博；冒险,中考考纲词汇,09_核心行为与动作动词
1045,gang,-,n.,一帮，一伙（常聚在一起闹事、打斗的年轻人）,中考考纲词汇,01_个人家庭与人际交往
1046,gap,-,n.,缺口；裂缝；差距；空白,中考考纲词汇,03_饮食烹饪与健康医疗
1047,garage,-,n.,汽车修理厂；车库,中考考纲词汇,06_交通出行与地理旅游
1048,garbage,-,n.,（尤美）垃圾；废物,中考考纲词汇,05_居家生活与服装购物
1049,gardener,-,n.,园丁，花匠,中考考纲词汇,07_自然生态与天气动植物
1050,garlic,-,n.,蒜,中考考纲词汇,08_职业工作与社会科技
1051,garment,-,n.,（一件）衣服,中考考纲词汇,05_居家生活与服装购物
1052,gas,-,n.,气体；[美]汽油,中考考纲词汇,03_饮食烹饪与健康医疗
1053,gasoline,-,n.,[美]汽油,中考考纲词汇,03_饮食烹饪与健康医疗
1054,gather,-,v.,收集；采集,中考考纲词汇,09_核心行为与动作动词
1055,gauge,-,n./v.,测量仪器；测量；判断,中考考纲词汇,08_职业工作与社会科技
1056,gay,-,n./adj.,同性恋者（尤指男性）/同性恋的；快乐的；艳丽的,中考考纲词汇,01_个人家庭与人际交往
1057,gaze,-,v.,凝视，注视,中考考纲词汇,09_核心行为与动作动词
1058,gear,-,n./v.,齿轮；传动装置；使适合,中考考纲词汇,08_职业工作与社会科技
1059,gem,-,n.,宝石；珍品,中考考纲词汇,08_职业工作与社会科技
1060,gender,-,n.,性别,中考考纲词汇,08_职业工作与社会科技
1061,gene,-,n.,基因,中考考纲词汇,08_职业工作与社会科技
1062,general,-,n./adj.,将军/总的，一般性的,中考考纲词汇,08_职业工作与社会科技
1063,generation,-,n.,一代，一代人,中考考纲词汇,01_个人家庭与人际交往
1064,generator,-,n.,发电机,中考考纲词汇,08_职业工作与社会科技
1065,generous,-,adj.,慷慨的；宽厚的,中考考纲词汇,10_情感态度与性质修饰
1066,genetics,-,n.,遗传学,中考考纲词汇,08_职业工作与社会科技
1067,genius,-,n.,天才人物；天赋,中考考纲词汇,01_个人家庭与人际交往
1068,gentle,-,adj.,温和的；文雅的；出身名门的,中考考纲词汇,05_居家生活与服装购物
1069,genuine,-,adj.,真诚的；真正的,中考考纲词汇,10_情感态度与性质修饰
1070,geography,-,n.,地理学；地形；地势,中考考纲词汇,02_学校教育与学科学习
1071,geology,-,n.,地质学；地质状况,中考考纲词汇,08_职业工作与社会科技
1072,geometry,-,n.,几何学,中考考纲词汇,08_职业工作与社会科技
1073,germ,-,n.,微生物；细菌,中考考纲词汇,02_学校教育与学科学习
1074,germany,-,n.,德国,中考考纲词汇,08_职业工作与社会科技
1075,germinate,-,v.,发芽,中考考纲词汇,09_核心行为与动作动词
1076,gesture,-,n.,手势；姿势,中考考纲词汇,03_饮食烹饪与健康医疗
1077,ginger,-,n.,姜,中考考纲词汇,08_职业工作与社会科技
1078,gist,-,n.,主旨；要点,中考考纲词汇,08_职业工作与社会科技
1079,gizmo,-,n.,小装置,中考考纲词汇,08_职业工作与社会科技
1080,glacier,-,n.,冰川；冰河,中考考纲词汇,06_交通出行与地理旅游
1081,glance,-,v./n.,瞥，迅速看一眼/一瞥,中考考纲词汇,03_饮食烹饪与健康医疗
1082,gland,-,n.,腺,中考考纲词汇,08_职业工作与社会科技
1083,glare,-,v./n.,怒目而视；发出强光/刺眼的光；怒视,中考考纲词汇,03_饮食烹饪与健康医疗
1084,glass,-,n.,玻璃、玻璃杯,中考考纲词汇,08_职业工作与社会科技
1085,glide,-,v./n.,滑动；掠过；滑行,中考考纲词汇,09_核心行为与动作动词
1086,glimpse,-,v./n.,瞥见/一瞥,中考考纲词汇,09_核心行为与动作动词
1087,glitter,-,v./n.,闪烁；闪现/发光小物,中考考纲词汇,09_核心行为与动作动词
1088,global,-,adj.,全球的；全世界的,中考考纲词汇,04_文体娱乐与节庆风俗
1089,globe,-,n.,球体；地球仪,中考考纲词汇,04_文体娱乐与节庆风俗
1090,gloomy,-,adj.,幽暗的；令人沮丧的,中考考纲词汇,01_个人家庭与人际交往
1091,glorious,-,adj.,光荣的，荣耀的,中考考纲词汇,10_情感态度与性质修饰
1092,glove,-,n.,手套,中考考纲词汇,03_饮食烹饪与健康医疗
1093,glow,-,v./n.,发出微弱稳定的光/微弱稳定的光,中考考纲词汇,09_核心行为与动作动词
1094,glue,-,n.,胶水,中考考纲词汇,03_饮食烹饪与健康医疗
1095,goal,-,n.,球门；进球得分；目的,中考考纲词汇,04_文体娱乐与节庆风俗
1096,golf,-,n.,高尔夫球,中考考纲词汇,04_文体娱乐与节庆风俗
1097,goods,-,n.,商品；货物,中考考纲词汇,08_职业工作与社会科技
1098,goose,-,n.,鹅；鹅肉,中考考纲词汇,03_饮食烹饪与健康医疗
1099,gorge,-,n./v.,咽喉；暴食；山峡；峡谷/狼吞虎咽,中考考纲词汇,03_饮食烹饪与健康医疗
1100,gossip,-,n.,闲聊；流言蜚语,中考考纲词汇,08_职业工作与社会科技
1101,gourmet,-,n./adj.,美食家/美味佳肴的,中考考纲词汇,03_饮食烹饪与健康医疗
1102,government,-,n.,政府、政体、统治,中考考纲词汇,06_交通出行与地理旅游
1103,gown,-,n.,长外衣；女礼服,中考考纲词汇,05_居家生活与服装购物
1104,grab,-,v.,抓住，攫取；（匆忙的）取,中考考纲词汇,09_核心行为与动作动词
1105,grace,-,n.,优美；优雅,中考考纲词汇,08_职业工作与社会科技
1106,grade,-,v./n.,给...分等级：等级；成绩等级,中考考纲词汇,02_学校教育与学科学习
1107,graduate,-,n./v.,毕业生；毕业,中考考纲词汇,02_学校教育与学科学习
1108,grain,-,n.,谷物、颗粒,中考考纲词汇,08_职业工作与社会科技
1109,grammar,-,n.,语法；语法书,中考考纲词汇,02_学校教育与学科学习
1110,grand,-,adj.,宏大的；豪华的；宏伟的；极好的,中考考纲词汇,10_情感态度与性质修饰
1111,grandfather,-,n.,（外）祖父,中考考纲词汇,01_个人家庭与人际交往
1112,granite,-,n.,花岗岩,中考考纲词汇,07_自然生态与天气动植物
1113,grant,-,v.,授予；准予；承认,中考考纲词汇,09_核心行为与动作动词
1114,grape,-,n.,葡萄,中考考纲词汇,03_饮食烹饪与健康医疗
1115,graph,-,n.,图表；图,中考考纲词汇,08_职业工作与社会科技
1116,grasp,-,v.,抓牢 ，握紧；完全理解，全面领会,中考考纲词汇,09_核心行为与动作动词
1117,grass,-,n.,草；草地,中考考纲词汇,07_自然生态与天气动植物
1118,grateful,-,adj.,感激的；表示感谢的,中考考纲词汇,10_情感态度与性质修饰
1119,gratitude,-,n.,感谢；感激；感恩,中考考纲词汇,08_职业工作与社会科技
1120,grave,-,n./adj.,坟墓；死亡/庄重的；严肃的,中考考纲词汇,01_个人家庭与人际交往
1121,gravity,-,n.,地球引力；重力,中考考纲词汇,04_文体娱乐与节庆风俗
1122,greedy,-,adj.,贪吃的；贪婪的,中考考纲词汇,10_情感态度与性质修饰
1123,greek,-,adj./n.,希腊的/希腊人,中考考纲词汇,01_个人家庭与人际交往
1124,greenhouse,-,n.,温室；暖房,中考考纲词汇,07_自然生态与天气动植物
1125,greet,-,v.,向...问好；迎接；对...做出反应,中考考纲词汇,09_核心行为与动作动词
1126,grey,-,adj./n.,灰色的；灰色,中考考纲词汇,10_情感态度与性质修饰
1127,grid,-,n.,栅栏、网格、输电网,中考考纲词汇,04_文体娱乐与节庆风俗
1128,grief,-,n.,极度悲伤,中考考纲词汇,03_饮食烹饪与健康医疗
1129,grieve,-,v.,（使）悲痛,中考考纲词汇,03_饮食烹饪与健康医疗
1130,grind,-,v./n.,碾碎/枯燥乏味的事情,中考考纲词汇,09_核心行为与动作动词
1131,grip,-,v./n.,紧握，抓牢/紧握，抓牢；理解，了解,中考考纲词汇,09_核心行为与动作动词
1132,grocery,-,n.,食品杂货店,中考考纲词汇,03_饮食烹饪与健康医疗
1133,groom,-,n./v.,马夫；新郎/（给动物）刷洗；理毛；梳毛,中考考纲词汇,07_自然生态与天气动植物
1134,gross,-,adj.,总的；毛的,中考考纲词汇,10_情感态度与性质修饰
1135,growth,-,n.,增长；生长,中考考纲词汇,08_职业工作与社会科技
1136,guarantee,-,v./n.,担保；确保/保证；保修单；担保金；担保物,中考考纲词汇,09_核心行为与动作动词
1137,guard,-,n./v.,卫兵，警卫员/看守，守卫，保卫,中考考纲词汇,09_核心行为与动作动词
1138,guardian,-,n./adj.,保卫者；监护人；守护的,中考考纲词汇,01_个人家庭与人际交往
1139,guest,-,n.,客人，宾客，旅客,中考考纲词汇,06_交通出行与地理旅游
1140,guideline,-,n.,指导方针,中考考纲词汇,03_饮食烹饪与健康医疗
1141,guilty,-,adj.,有罪的；内疚的,中考考纲词汇,10_情感态度与性质修饰
1142,guitar,-,n.,吉他,中考考纲词汇,04_文体娱乐与节庆风俗
1143,gulf,-,n.,海湾,中考考纲词汇,06_交通出行与地理旅游
1144,gum,-,n.,口香糖、树胶,中考考纲词汇,03_饮食烹饪与健康医疗
1145,gunpowder,-,n.,火药,中考考纲词汇,03_饮食烹饪与健康医疗
1146,gush,-,v./n.,涌出,中考考纲词汇,09_核心行为与动作动词
1147,gust,-,n.,一整狂风；（情感的）迸发,中考考纲词汇,07_自然生态与天气动植物
1148,gym,-,n.,体育馆；运动场,中考考纲词汇,02_学校教育与学科学习
1149,habit,-,n.,习惯,中考考纲词汇,08_职业工作与社会科技
1150,habitat,-,n.,栖息地,中考考纲词汇,08_职业工作与社会科技
1151,hail,-,n./v.,冰雹/赞扬；招呼；下冰雹,中考考纲词汇,07_自然生态与天气动植物
1152,haircut,-,n.,理发,中考考纲词汇,08_职业工作与社会科技
1153,hairdressing,-,n.,美发；理发,中考考纲词汇,08_职业工作与社会科技
1154,hallowed,-,adj.,神圣的；收尊崇的,中考考纲词汇,10_情感态度与性质修饰
1155,halt,-,v./n.,（使）停止/停止,中考考纲词汇,09_核心行为与动作动词
1156,hamburger,-,n.,汉堡包,中考考纲词汇,03_饮食烹饪与健康医疗
1157,hammer,-,n./v.,锤，榔头/用锤击,中考考纲词汇,03_饮食烹饪与健康医疗
1158,handkerchief,-,n.,手帕,中考考纲词汇,03_饮食烹饪与健康医疗
1159,handle,-,n./v.,柄；把手；拿；处理,中考考纲词汇,03_饮食烹饪与健康医疗
1160,handout,-,n.,传单；讲义,中考考纲词汇,08_职业工作与社会科技
1161,handrail,-,n.,扶手、栏杆,中考考纲词汇,03_饮食烹饪与健康医疗
1162,handsome,-,adj.,数量大的；英俊的,中考考纲词汇,10_情感态度与性质修饰
1163,handwriting,-,n.,笔记；书写,中考考纲词汇,02_学校教育与学科学习
1164,hang,-,n.,悬挂；悬浮；（被）绞死,中考考纲词汇,08_职业工作与社会科技
1165,happen,-,v.,发生；出现；碰巧,中考考纲词汇,09_核心行为与动作动词
1166,happiness,-,n.,幸福；快乐；适当,中考考纲词汇,08_职业工作与社会科技
1167,harass,-,v.,烦扰,中考考纲词汇,09_核心行为与动作动词
1168,harbour,-,n.,港口,中考考纲词汇,03_饮食烹饪与健康医疗
1169,hare,-,n.,野兔,中考考纲词汇,07_自然生态与天气动植物
1170,harmful,-,adj.,有害的,中考考纲词汇,10_情感态度与性质修饰
1171,harmonica,-,n.,口琴,中考考纲词汇,03_饮食烹饪与健康医疗
1172,harmony,-,n.,协调；和谐；融洽；和声,中考考纲词汇,08_职业工作与社会科技
1173,harness,-,v.,利用；控制,中考考纲词汇,09_核心行为与动作动词
1174,harvest,-,v./n.,收割；收获；收成,中考考纲词汇,09_核心行为与动作动词
1175,hasten,-,v.,赶紧；促进,中考考纲词汇,09_核心行为与动作动词
1176,hat,-,n.,（常指带帽檐的）帽子,中考考纲词汇,05_居家生活与服装购物
1177,hatch,-,v./n.,孵化,中考考纲词汇,09_核心行为与动作动词
1178,hate,-,v.,恨；憎恨；不喜欢,中考考纲词汇,09_核心行为与动作动词
1179,hatred,-,n.,憎恶；憎恨；仇恨,中考考纲词汇,08_职业工作与社会科技
1180,haunt,-,v./n.,（鬼魂等）常出没于/常去的地方,中考考纲词汇,09_核心行为与动作动词
1181,hawk,-,n.,鹰；隼,中考考纲词汇,07_自然生态与天气动植物
1182,hay,-,n.,干草,中考考纲词汇,07_自然生态与天气动植物
1183,hazard,-,n./v.,危险/使冒风险,中考考纲词汇,07_自然生态与天气动植物
1184,headache,-,n.,头痛,中考考纲词汇,03_饮食烹饪与健康医疗
1185,heading,-,n.,标题；主题,中考考纲词汇,08_职业工作与社会科技
1186,headmaster,-,n.,[英]男校长,中考考纲词汇,08_职业工作与社会科技
1187,headquarters,-,n.,总部，总公司；司令部,中考考纲词汇,08_职业工作与社会科技
1188,heal,-,v.,治愈；愈合,中考考纲词汇,03_饮食烹饪与健康医疗
1189,health care,-,n.,医疗保健,中考考纲词汇,08_职业工作与社会科技
1190,heap,-,n.,（大而杂乱的）堆,中考考纲词汇,08_职业工作与社会科技
1191,heart attack,-,n.,心脏病发作,中考考纲词汇,03_饮食烹饪与健康医疗
1192,heating,-,n.,供暖；暖气装置,中考考纲词汇,05_居家生活与服装购物
1193,heaven,-,n.,天堂；极乐之地,中考考纲词汇,08_职业工作与社会科技
1194,hectic,-,adj.,兴奋活跃的；忙乱的；繁忙的,中考考纲词汇,10_情感态度与性质修饰
1195,hedge,-,n.,树篱；障碍物,中考考纲词汇,08_职业工作与社会科技
1196,heel,-,n.,足跟,中考考纲词汇,03_饮食烹饪与健康医疗
1197,heir,-,n.,后嗣；继承人,中考考纲词汇,06_交通出行与地理旅游
1198,helicopter,-,n.,直升机,中考考纲词汇,08_职业工作与社会科技
1199,hell,-,n.,地狱；苦境,中考考纲词汇,03_饮食烹饪与健康医疗
1200,helmet,-,n.,头盔,中考考纲词汇,03_饮食烹饪与健康医疗
1201,hemisphere,-,n.,半球,中考考纲词汇,04_文体娱乐与节庆风俗
1202,herald,-,n./v.,使者，传令官，先驱；预兆/预告；宣布,中考考纲词汇,09_核心行为与动作动词
1203,herb,-,n.,药草；香草,中考考纲词汇,03_饮食烹饪与健康医疗
1204,herbivore,-,n.,食草动物,中考考纲词汇,07_自然生态与天气动植物
1205,herd,-,n.,兽群；畜群,中考考纲词汇,08_职业工作与社会科技
1206,heritage,-,n.,（国家的）遗产,中考考纲词汇,05_居家生活与服装购物
1207,hero,-,n.,男主角；男主；英雄；勇士,中考考纲词汇,05_居家生活与服装购物
1208,heroine,-,n.,女主角；女主；女英雄,中考考纲词汇,05_居家生活与服装购物
1209,hesitate,-,v.,犹豫不决；顾虑,中考考纲词汇,09_核心行为与动作动词
1210,hibernation,-,n.,冬眠,中考考纲词汇,07_自然生态与天气动植物
1211,hierarchy,-,n.,等级制度；统治集团,中考考纲词汇,08_职业工作与社会科技
1212,high-definition,-,adj.,高分辨率的,中考考纲词汇,05_居家生活与服装购物
1213,highway,-,n.,[尤美]公路,中考考纲词汇,06_交通出行与地理旅游
1214,hijack,-,v.,劫持（飞机或其他交通工具）,中考考纲词汇,06_交通出行与地理旅游
1215,hike,-,n./v.,徒步旅行；远足,中考考纲词汇,03_饮食烹饪与健康医疗
1216,hillside,-,n.,小山的山腰；山坡,中考考纲词汇,03_饮食烹饪与健康医疗
1217,hint,-,v./n.,暗示，提示,中考考纲词汇,09_核心行为与动作动词
1218,hip-hop,-,n.,嘻哈文化,中考考纲词汇,02_学校教育与学科学习
1219,hire,-,v./n.,雇用；租用/租赁（业）,中考考纲词汇,09_核心行为与动作动词
1220,history,-,n.,历史；历史学,中考考纲词汇,02_学校教育与学科学习
1221,hit,-,v./n.,打，击，碰撞/打，击中,中考考纲词汇,09_核心行为与动作动词
1222,hive,-,n./v.,蜂房；繁忙的场所；（使）入蜂箱；（像蜜蜂般）密集群居,中考考纲词汇,06_交通出行与地理旅游
1223,hockey,-,n.,曲棍球；冰球,中考考纲词汇,04_文体娱乐与节庆风俗
1224,hollow,-,adj.,中空的；空心的,中考考纲词汇,10_情感态度与性质修饰
1225,holy,-,adj.,神圣的；圣洁的；虔诚的,中考考纲词汇,10_情感态度与性质修饰
1226,homesick,-,adj.,思乡的,中考考纲词汇,10_情感态度与性质修饰
1227,honesty,-,n.,诚实；正直,中考考纲词汇,01_个人家庭与人际交往
1228,honey,-,n.,蜂蜜,中考考纲词汇,07_自然生态与天气动植物
1229,honeymoon,-,n.,蜜月,中考考纲词汇,08_职业工作与社会科技
1230,honk,-,n./v.,汽车喇叭声；鹅叫声/按（汽车喇叭）,中考考纲词汇,06_交通出行与地理旅游
1231,honor,-,n./v.,尊敬，敬意，冗余/尊敬，给予表扬,中考考纲词汇,09_核心行为与动作动词
1232,hook,-,n.,钩；钩状物；勾拳,中考考纲词汇,08_职业工作与社会科技
1233,hop,-,v.,跳上/下；单脚跳行；齐足跳行,中考考纲词汇,03_饮食烹饪与健康医疗
1234,hopeless,-,adj.,无望的；极差的,中考考纲词汇,10_情感态度与性质修饰
1235,horizon,-,n.,地平线；[~s]眼界；见识,中考考纲词汇,03_饮食烹饪与健康医疗
1236,hormone,-,n.,荷尔蒙；激素,中考考纲词汇,08_职业工作与社会科技
1237,horn,-,n.,（牛羊等动物的）角；（乐器的）号,中考考纲词汇,04_文体娱乐与节庆风俗
1238,horrible,-,adj.,可怕的；恐怖的,中考考纲词汇,10_情感态度与性质修饰
1239,horse,-,n.,马🐴,中考考纲词汇,07_自然生态与天气动植物
1240,horsepower,-,n.,马力,中考考纲词汇,07_自然生态与天气动植物
1241,horticulture,-,n.,园艺学；园艺,中考考纲词汇,08_职业工作与社会科技
1242,hospitable,-,adj.,好客的；热情友好的,中考考纲词汇,01_个人家庭与人际交往
1243,hospital,-,n.,医院,中考考纲词汇,08_职业工作与社会科技
1244,host,-,n.,主人，东道主,中考考纲词汇,06_交通出行与地理旅游
1245,hostage,-,n.,人质,中考考纲词汇,01_个人家庭与人际交往
1246,hostel,-,n.,廉价招待所,中考考纲词汇,05_居家生活与服装购物
1247,hostess,-,n.,女主人,中考考纲词汇,01_个人家庭与人际交往
1248,hostile,-,adj.,怀有敌意的；不友善的；敌对的,中考考纲词汇,01_个人家庭与人际交往
1249,household,-,n.,家庭，一户，家务,中考考纲词汇,05_居家生活与服装购物
1250,housewife,-,n.,家庭主妇,中考考纲词汇,05_居家生活与服装购物
1251,hover,-,v.,盘旋，悬浮；徘徊；处于不确定状态,中考考纲词汇,09_核心行为与动作动词
1252,hug,-,v./n.,拥抱,中考考纲词汇,09_核心行为与动作动词
1253,hull,-,n./v.,（果实等的）外壳；船体/剥去（果实的）外壳,中考考纲词汇,09_核心行为与动作动词
1254,human,-,adj./n.,人类的；有人性的/人类,中考考纲词汇,01_个人家庭与人际交往
1255,humanitarian,-,n./adj.,人道主义者；人道主义的；博爱的,中考考纲词汇,01_个人家庭与人际交往
1256,humble,-,adj.,谦虚的；卑微的,中考考纲词汇,10_情感态度与性质修饰
1257,humid,-,adj.,潮湿的；湿热的,中考考纲词汇,07_自然生态与天气动植物
1258,humiliate,-,v.,羞辱；使蒙羞,中考考纲词汇,09_核心行为与动作动词
1259,humorous,-,adj.,幽默的；诙谐的,中考考纲词汇,01_个人家庭与人际交往
1260,hunger,-,n.,饥饿、渴望,中考考纲词汇,03_饮食烹饪与健康医疗
1261,hunt,-,v./n.,打猎；搜寻；猎取,中考考纲词汇,09_核心行为与动作动词
1262,hurdle,-,n.,栏架；跨栏赛跑,中考考纲词汇,04_文体娱乐与节庆风俗
1263,hurricane,-,n.,飓风；暴风,中考考纲词汇,07_自然生态与天气动植物
1264,hurry,-,v./n.,赶紧；催促/匆忙,中考考纲词汇,09_核心行为与动作动词
1265,hurt,-,v.,损害；伤害；（使）疼痛,中考考纲词汇,03_饮食烹饪与健康医疗
1266,husband,-,n.,丈夫,中考考纲词汇,01_个人家庭与人际交往
1267,hut,-,n.,小屋、棚屋,中考考纲词汇,08_职业工作与社会科技
1268,hybridisation,-,n.,杂交,中考考纲词汇,08_职业工作与社会科技
1269,hybridize,-,v.,（使）杂交,中考考纲词汇,09_核心行为与动作动词
1270,hydraulic,-,adj.,水力的；液压的,中考考纲词汇,03_饮食烹饪与健康医疗
1271,hydrogen,-,n.,氢气,中考考纲词汇,08_职业工作与社会科技
1272,hydrosphere,-,n.,水圈；大气中的水汽,中考考纲词汇,03_饮食烹饪与健康医疗
1273,hygiene,-,n.,卫生（学）；保健（学）,中考考纲词汇,08_职业工作与社会科技
1274,hypertension,-,n.,高血压,中考考纲词汇,08_职业工作与社会科技
1275,hypothesis,-,n.,假说；假设,中考考纲词汇,08_职业工作与社会科技
1276,ice cream,-,n.,冰淇淋,中考考纲词汇,08_职业工作与社会科技
1277,icon,-,n.,偶像；图标,中考考纲词汇,08_职业工作与社会科技
1278,identical,-,adj.,同一的,中考考纲词汇,10_情感态度与性质修饰
1279,ideology,-,n.,意识形态；思想体系,中考考纲词汇,02_学校教育与学科学习
1280,idiom,-,n.,习语,中考考纲词汇,08_职业工作与社会科技
1281,idiot,-,n.,白痴；傻瓜,中考考纲词汇,08_职业工作与社会科技
1282,idol,-,n.,偶像；受到崇拜的人或物；神像,中考考纲词汇,01_个人家庭与人际交往
1283,ignorance,-,n.,无知，愚昧,中考考纲词汇,08_职业工作与社会科技
1284,ignorant,-,adj.,无知的；没有学识的；愚昧的,中考考纲词汇,10_情感态度与性质修饰
1285,illiteracy,-,n.,文盲,中考考纲词汇,08_职业工作与社会科技
1286,illness,-,n.,疾；疾病,中考考纲词汇,03_饮食烹饪与健康医疗
1287,illuminate,-,v.,阐释；说明；照亮,中考考纲词汇,09_核心行为与动作动词
1288,illusion,-,n.,错觉；幻想,中考考纲词汇,08_职业工作与社会科技
1289,illustrate,-,v.,（用图等）说明；给（书）加插图（或图表）,中考考纲词汇,02_学校教育与学科学习
1290,imaginary,-,adj.,想像的；虚构的,中考考纲词汇,10_情感态度与性质修饰
1291,imitate,-,v.,模仿；效仿,中考考纲词汇,09_核心行为与动作动词
1292,immediately,-,adv.,立即；直接地,中考考纲词汇,09_核心行为与动作动词
1293,immense,-,adj.,巨大的；极好的,中考考纲词汇,10_情感态度与性质修饰
1294,immigrate,-,v.,（从外地）移居；移入,中考考纲词汇,09_核心行为与动作动词
1295,imminent,-,adj.,（尤指不愉快的事）即将发生的；逼近的,中考考纲词汇,10_情感态度与性质修饰
1296,immune,-,adj.,免疫的；不受影响的；免除的,中考考纲词汇,10_情感态度与性质修饰
1297,impact,-,n.,影响,中考考纲词汇,08_职业工作与社会科技
1298,impair,-,v.,削弱；妨碍,中考考纲词汇,09_核心行为与动作动词
1299,impart,-,v.,传授；透露,中考考纲词汇,09_核心行为与动作动词
1300,impede,-,v.,妨碍，阻止,中考考纲词汇,09_核心行为与动作动词
1301,imperial,-,adj.,帝国的,中考考纲词汇,10_情感态度与性质修饰
1302,impetus,-,n.,推动；促进；动量；惯性,中考考纲词汇,08_职业工作与社会科技
1303,implement,-,v./n.,实施；执行/工具；器具,中考考纲词汇,09_核心行为与动作动词
1304,implicit,-,adj.,暗示的；含蓄的；不怀疑的；无保留的,中考考纲词汇,10_情感态度与性质修饰
1305,imply,-,v.,暗指；意味着,中考考纲词汇,09_核心行为与动作动词
1306,import,-,v./n.,进口/进口；进口商品,中考考纲词汇,03_饮食烹饪与健康医疗
1307,importance,-,n.,重要，重要性,中考考纲词汇,08_职业工作与社会科技
1308,impose,-,v.,强加；征收（书款）,中考考纲词汇,02_学校教育与学科学习
1309,impress,-,v.,给...深刻的印象；使铭记,中考考纲词汇,07_自然生态与天气动植物
1310,improve,-,v.,改善；改进,中考考纲词汇,09_核心行为与动作动词
1311,improvise,-,v.,临时做；即兴创作,中考考纲词汇,09_核心行为与动作动词
1312,impulse,-,n.,冲动；心血来潮,中考考纲词汇,08_职业工作与社会科技
1313,inappropriate,-,adj.,不合适的,中考考纲词汇,10_情感态度与性质修饰
1314,incentive,-,n.,刺激；激励,中考考纲词汇,08_职业工作与社会科技
1315,incident,-,n.,（尤指不寻常的、重要的或暴力的）事件；（两国之间的）冲突,中考考纲词汇,08_职业工作与社会科技
1316,incidentally,-,adv.,偶然地；顺便提一句,中考考纲词汇,09_核心行为与动作动词
1317,incline,-,v./n.,（使）倾向于、倾斜/斜坡；倾斜,中考考纲词汇,09_核心行为与动作动词
1318,income,-,n.,收入,中考考纲词汇,08_职业工作与社会科技
1319,increase,-,n./v.,增加，增长/（使）增加，（使）增长,中考考纲词汇,09_核心行为与动作动词
1320,increment,-,n.,增加量；定期加薪,中考考纲词汇,08_职业工作与社会科技
1321,independence,-,n.,独立；自立,中考考纲词汇,08_职业工作与社会科技
1322,index,-,n./v.,指数；索引；为...编索引,中考考纲词汇,09_核心行为与动作动词
1323,indian,-,adj./n.,印度的/印度人,中考考纲词汇,01_个人家庭与人际交往
1324,indifferent,-,adj.,漠不关心的；无关紧要的；平庸的；中立的,中考考纲词汇,10_情感态度与性质修饰
1325,indignant,-,adj.,愤慨的,中考考纲词汇,10_情感态度与性质修饰
1326,indignity,-,n.,侮辱；轻蔑,中考考纲词汇,08_职业工作与社会科技
1327,individual,-,n./adj.,个人；个体/个别的，单独的,中考考纲词汇,01_个人家庭与人际交往
1328,indoor,-,adj.,室内的,中考考纲词汇,10_情感态度与性质修饰
1329,induce,-,v.,引诱，劝说,中考考纲词汇,09_核心行为与动作动词
1330,inductive,-,adj.,归纳的；诱导的,中考考纲词汇,10_情感态度与性质修饰
1331,indulge,-,v.,迁就；放任；沉湎；让...享受一下,中考考纲词汇,09_核心行为与动作动词
1332,industry,-,n.,工业；产业；勤劳,中考考纲词汇,08_职业工作与社会科技
1333,inert,-,adj.,无生气的；惰性的；不活泼,中考考纲词汇,10_情感态度与性质修饰
1334,inevitable,-,adj.,必然的；不可避免的,中考考纲词汇,10_情感态度与性质修饰
1335,infant,-,n./adj.,供婴儿用的；婴儿的,中考考纲词汇,01_个人家庭与人际交往
1336,infection,-,n.,传染；传染病；影响,中考考纲词汇,08_职业工作与社会科技
1337,infer,-,v.,推断；推理,中考考纲词汇,09_核心行为与动作动词
1338,inferior,-,adj./n.,差的；下级的；低等的；级别/地位低的人；次品,中考考纲词汇,01_个人家庭与人际交往
1339,inflation,-,n.,通货膨胀,中考考纲词汇,08_职业工作与社会科技
1340,inflection,-,n.,语调的抑扬变化,中考考纲词汇,08_职业工作与社会科技
1341,influence,-,n./v.,影响；作用/影响,中考考纲词汇,09_核心行为与动作动词
1342,influx,-,n.,流入，涌进,中考考纲词汇,08_职业工作与社会科技
1343,infringe,-,v.,侵犯；违反,中考考纲词汇,09_核心行为与动作动词
1344,ingredient,-,n.,成分；（烹调的）原料、因素,中考考纲词汇,05_居家生活与服装购物
1345,inhabit,-,v.,居住于,中考考纲词汇,09_核心行为与动作动词
1346,inhabitant,-,n.,居民,中考考纲词汇,08_职业工作与社会科技
1347,inherent,-,adj.,内在的；固有的,中考考纲词汇,10_情感态度与性质修饰
1348,inherit,-,v.,继承（财产等）；经遗传获得,中考考纲词汇,09_核心行为与动作动词
1349,initially,-,adv.,最初,中考考纲词汇,09_核心行为与动作动词
1350,injection,-,n.,注射；注射物；单射（函数）,中考考纲词汇,03_饮食烹饪与健康医疗
1351,injure,-,v.,伤害；使遭受损伤；损害,中考考纲词汇,03_饮食烹饪与健康医疗
1352,injury,-,n.,伤害；损害,中考考纲词汇,03_饮食烹饪与健康医疗
1353,ink,-,n.,墨水,中考考纲词汇,03_饮食烹饪与健康医疗
1354,inner,-,adj.,内部的；内心的,中考考纲词汇,10_情感态度与性质修饰
1355,innovate,-,v.,创新；改革,中考考纲词汇,09_核心行为与动作动词
1356,input,-,n.,输入信息；投入物,中考考纲词汇,04_文体娱乐与节庆风俗
1357,inquire,-,v.,询问；调查,中考考纲词汇,09_核心行为与动作动词
1358,insane,-,adj.,患精神病的；疯狂的,中考考纲词汇,03_饮食烹饪与健康医疗
1359,insect,-,n.,昆虫,中考考纲词汇,07_自然生态与天气动植物
1360,insert,-,v./n.,插入；嵌入/插入物,中考考纲词汇,09_核心行为与动作动词
1361,insist,-,v.,坚持；坚决认为（主张或要求）,中考考纲词汇,09_核心行为与动作动词
1362,insomnia,-,n.,失眠；失眠症,中考考纲词汇,08_职业工作与社会科技
1363,inspect,-,v.,检查；检阅；视察,中考考纲词汇,09_核心行为与动作动词
1364,inspire,-,v.,鼓舞；给...灵感,中考考纲词汇,04_文体娱乐与节庆风俗
1365,install,-,v.,安装,中考考纲词汇,09_核心行为与动作动词
1366,instalment,-,n.,（分期付款的）一期付款,中考考纲词汇,05_居家生活与服装购物
1367,instance,-,n.,实例；情况；场合,中考考纲词汇,08_职业工作与社会科技
1368,instant,-,n./adj.,瞬间；立即的,中考考纲词汇,10_情感态度与性质修饰
1369,instil,-,v.,逐渐灌输,中考考纲词汇,04_文体娱乐与节庆风俗
1370,instinct,-,n.,本能；天性；直觉,中考考纲词汇,08_职业工作与社会科技
1371,institute,-,n.,研究所,中考考纲词汇,02_学校教育与学科学习
1372,institution,-,n.,机构,中考考纲词汇,08_职业工作与社会科技
1373,instruct,-,v.,指导；讲授；通知；命令,中考考纲词汇,08_职业工作与社会科技
1374,instrument,-,n.,仪器；工具；乐器,中考考纲词汇,04_文体娱乐与节庆风俗
1375,insult,-,v./n.,侮辱；凌辱/侮辱，凌辱,中考考纲词汇,09_核心行为与动作动词
1376,insure,-,v.,确保；给...上保险,中考考纲词汇,08_职业工作与社会科技
1377,intake,-,n.,吸入；摄取量；新招收者,中考考纲词汇,08_职业工作与社会科技
1378,integrate,-,v.,（使）成为一体、合并,中考考纲词汇,09_核心行为与动作动词
1379,intelligence,-,n.,智慧；智力；情报；谍报,中考考纲词汇,08_职业工作与社会科技
1380,intelligent,-,adj.,聪明的,中考考纲词汇,10_情感态度与性质修饰
1381,intensity,-,n.,强度；强烈,中考考纲词汇,08_职业工作与社会科技
1382,intensive,-,adj.,加强的；集中的；密集的,中考考纲词汇,10_情感态度与性质修饰
1383,interbreed,-,v.,（使）品种杂交,中考考纲词汇,09_核心行为与动作动词
1384,interest,-,n./v.,兴趣；利益；利息/使感兴趣,中考考纲词汇,09_核心行为与动作动词
1385,interesting,-,adj.,有意思的,中考考纲词汇,10_情感态度与性质修饰
1386,interfere,-,v.,干涉；妨碍,中考考纲词汇,09_核心行为与动作动词
1387,interior,-,n./adj.,内部/内部的,中考考纲词汇,10_情感态度与性质修饰
1388,intermediate,-,adj.,中间的,中考考纲词汇,10_情感态度与性质修饰
1389,internal,-,adj.,内部的；自身的；国内的,中考考纲词汇,10_情感态度与性质修饰
1390,interpret,-,v.,口译；解释；说明；领会；理解,中考考纲词汇,03_饮食烹饪与健康医疗
1391,interrupt,-,v.,打断；中断,中考考纲词汇,09_核心行为与动作动词
1392,intersection,-,n.,十字路口；交叉路口,中考考纲词汇,03_饮食烹饪与健康医疗
1393,interstellar,-,adj.,星际的,中考考纲词汇,10_情感态度与性质修饰
1394,intervene,-,v.,插话；干扰；干涉,中考考纲词汇,09_核心行为与动作动词
1395,interview,-,n./v.,面试；采访/对...进行面试；采访,中考考纲词汇,08_职业工作与社会科技
1396,intestine,-,n.,肠,中考考纲词汇,08_职业工作与社会科技
1397,intimate,-,adj./n.,亲密的；个人隐私的/密友，至交,中考考纲词汇,01_个人家庭与人际交往
1398,intonation,-,n.,语调,中考考纲词汇,08_职业工作与社会科技
1399,introduce,-,v.,介绍；引进,中考考纲词汇,01_个人家庭与人际交往
1400,intrude,-,v.,闯入，侵入，侵扰,中考考纲词汇,09_核心行为与动作动词
1401,intuition,-,n.,直觉,中考考纲词汇,08_职业工作与社会科技
1402,intuitive,-,adj.,直觉的,中考考纲词汇,10_情感态度与性质修饰
1403,invade,-,v.,入侵；侵略；侵扰,中考考纲词汇,09_核心行为与动作动词
1404,invalid,-,n./adj.,病弱者；伤残者/病弱的；伤残的,中考考纲词汇,03_饮食烹饪与健康医疗
1405,invent,-,v.,发明，创造,中考考纲词汇,08_职业工作与社会科技
1406,inventory,-,n.,库存；详细目录,中考考纲词汇,08_职业工作与社会科技
1407,invest,-,v.,投资；投入,中考考纲词汇,08_职业工作与社会科技
1408,investigate,-,v.,调查,中考考纲词汇,09_核心行为与动作动词
1409,invisible,-,adj.,看不见的,中考考纲词汇,10_情感态度与性质修饰
1410,invite,-,v.,邀请,中考考纲词汇,09_核心行为与动作动词
1411,invoice,-,n./v.,发票/开发票给,中考考纲词汇,09_核心行为与动作动词
1412,invoke,-,v.,唤起（情感等）；向...祈求帮助；恳求,中考考纲词汇,09_核心行为与动作动词
1413,involve,-,v.,参加；牵涉,中考考纲词汇,09_核心行为与动作动词
1414,inward,-,adj./adv.,向内的；内心的/向内,中考考纲词汇,09_核心行为与动作动词
1415,ion,-,n.,离子,中考考纲词汇,08_职业工作与社会科技
1416,iron,-,n./v.,铁；熨斗；熨；烫,中考考纲词汇,09_核心行为与动作动词
1417,irony,-,n.,反话；有讽刺意味的情形,中考考纲词汇,08_职业工作与社会科技
1418,irregularly,-,adv.,不规则地；不合常规地,中考考纲词汇,09_核心行为与动作动词
1419,irreversible,-,adj.,不可逆转的；不可挽回的,中考考纲词汇,10_情感态度与性质修饰
1420,irritate,-,v.,激怒；使急躁；刺激,中考考纲词汇,09_核心行为与动作动词
1421,isolate,-,v.,使隔离；使孤立；使脱离,中考考纲词汇,05_居家生活与服装购物
1422,issue,-,n./v.,重要问题；发行。公布；发出,中考考纲词汇,02_学校教育与学科学习
1423,italian,-,adj./n.,意大利的/意大利人,中考考纲词汇,01_个人家庭与人际交往
1424,itch,-,v./n.,发痒；渴望/痒；渴望,中考考纲词汇,03_饮食烹饪与健康医疗
1425,item,-,n.,条目,中考考纲词汇,08_职业工作与社会科技
1426,itinerary,-,n.,路线；行程,中考考纲词汇,08_职业工作与社会科技
1427,ivory,-,n.,象牙,中考考纲词汇,03_饮食烹饪与健康医疗
1428,jacket,-,n.,夹克衫,中考考纲词汇,05_居家生活与服装购物
1429,jade,-,n.,玉石；翡翠,中考考纲词汇,08_职业工作与社会科技
1430,jail,-,n./v.,监狱/监禁,中考考纲词汇,09_核心行为与动作动词
1431,jam,-,n.,果酱,中考考纲词汇,08_职业工作与社会科技
1432,jar,-,n.,罐；广口瓶；猛烈震动,中考考纲词汇,03_饮食烹饪与健康医疗
1433,jaw,-,n.,颌；下巴；狭窄入口；唠叨,中考考纲词汇,03_饮食烹饪与健康医疗
1434,jazz,-,n.,爵士乐,中考考纲词汇,08_职业工作与社会科技
1435,jealous,-,adj.,嫉妒的；妒忌的,中考考纲词汇,10_情感态度与性质修饰
1436,jeans,-,n.,牛仔裤,中考考纲词汇,05_居家生活与服装购物
1437,jeopardise,-,v.,危害；危及,中考考纲词汇,09_核心行为与动作动词
1438,jet,-,n.,喷气式飞机；喷气口,中考考纲词汇,03_饮食烹饪与健康医疗
1439,jewel,-,n.,宝石,中考考纲词汇,08_职业工作与社会科技
1440,jewelry,-,n.,珠宝；手势,中考考纲词汇,03_饮食烹饪与健康医疗
1441,jewish,-,adj.,犹太教的，犹太人的,中考考纲词汇,01_个人家庭与人际交往
1442,job,-,n.,职业；工作,中考考纲词汇,08_职业工作与社会科技
1443,jog,-,v.,慢跑,中考考纲词汇,09_核心行为与动作动词
1444,joint,-,n./adj.,结合处；关节/共同的；联合的,中考考纲词汇,04_文体娱乐与节庆风俗
1445,joke,-,n./v.,笑话；玩笑/说笑话；开玩笑,中考考纲词汇,09_核心行为与动作动词
1446,journal,-,n.,日报；周报；（尤指专门科学的）杂志；日志,中考考纲词汇,02_学校教育与学科学习
1447,journalist,-,n.,记者；新闻工作者,中考考纲词汇,02_学校教育与学科学习
1448,journey,-,n.,旅行；历程,中考考纲词汇,06_交通出行与地理旅游
1449,joy,-,n.,欢乐，喜悦；乐趣,中考考纲词汇,08_职业工作与社会科技
1450,judge,-,n.,法官；裁判员,中考考纲词汇,08_职业工作与社会科技
1451,juice,-,n.,果汁、菜汁,中考考纲词汇,03_饮食烹饪与健康医疗
1452,jump,-,v.,跳；暴涨；跳过,中考考纲词汇,09_核心行为与动作动词
1453,jungle,-,n.,丛林,中考考纲词汇,07_自然生态与天气动植物
1454,junior,-,n./adj.,[美]（大学或高中）三年级学生；较年幼者。青少年的；级别（或地位）较低的,中考考纲词汇,02_学校教育与学科学习
1455,junk,-,n.,无用的东西；废物,中考考纲词汇,06_交通出行与地理旅游
1456,jury,-,n.,陪审团；评判委员会,中考考纲词汇,08_职业工作与社会科技
1457,just,-,adj./adv.,公证的；正义的/刚刚；仅仅,中考考纲词汇,09_核心行为与动作动词
1458,justify,-,v.,为...辩护；证明...正当,中考考纲词汇,09_核心行为与动作动词
1459,juvenile,-,adj./n.,少年的/少年,中考考纲词汇,01_个人家庭与人际交往
1460,kangaroo,-,n.,袋鼠,中考考纲词汇,08_职业工作与社会科技
1461,keen,-,adj.,强烈的；敏锐的；渴望的；有强烈兴趣的,中考考纲词汇,03_饮食烹饪与健康医疗
1462,keeper,-,n.,看守人；饲养员,中考考纲词汇,01_个人家庭与人际交往
1463,ketchup,-,n.,番茄酱,中考考纲词汇,03_饮食烹饪与健康医疗
1464,kettle,-,n.,水壶、[美]锅,中考考纲词汇,03_饮食烹饪与健康医疗
1465,keyboard,-,n.,键盘,中考考纲词汇,08_职业工作与社会科技
1466,kick,-,n./v.,踢,中考考纲词汇,09_核心行为与动作动词
1467,kidnap,-,v.,绑架；劫持,中考考纲词汇,09_核心行为与动作动词
1468,kidney,-,n.,肾脏,中考考纲词汇,08_职业工作与社会科技
1469,kin,-,n./adj.,（统称）家属，亲戚/有血缘关系的；类似的,中考考纲词汇,05_居家生活与服装购物
1470,king,-,n.,国王,中考考纲词汇,08_职业工作与社会科技
1471,kiss,-,v./n.,吻，接吻/吻,中考考纲词汇,09_核心行为与动作动词
1472,kit,-,n.,成套工具,中考考纲词汇,08_职业工作与社会科技
1473,kitchen,-,n.,厨房,中考考纲词汇,05_居家生活与服装购物
1474,kiwi,-,n.,猕猴桃、奇异果,中考考纲词汇,03_饮食烹饪与健康医疗
1475,knee,-,n.,膝盖,中考考纲词汇,03_饮食烹饪与健康医疗
1476,kneel,-,v.,跪下，跪,中考考纲词汇,09_核心行为与动作动词
1477,knife,-,n.,刀,中考考纲词汇,08_职业工作与社会科技
1478,knight,-,n./v.,骑士；封（某人）为爵士,中考考纲词汇,01_个人家庭与人际交往
1479,knit,-,v.,编织；针织,中考考纲词汇,03_饮食烹饪与健康医疗
1480,knob,-,n.,球形把手；旋钮,中考考纲词汇,03_饮食烹饪与健康医疗
1481,knock,-,v.,敲；击；撞,中考考纲词汇,09_核心行为与动作动词
1482,knot,-,n.,（绳、线的）结；（树枝上的）节子,中考考纲词汇,04_文体娱乐与节庆风俗
1483,knowledge,-,n.,知识,中考考纲词汇,02_学校教育与学科学习
1484,label,-,n.,标签；标贴,中考考纲词汇,08_职业工作与社会科技
1485,laboratory,-,n.,实验室；研究室,中考考纲词汇,02_学校教育与学科学习
1486,labour,-,n.,劳动；体力劳动,中考考纲词汇,08_职业工作与社会科技
1487,lace,-,n.,鞋带,中考考纲词汇,05_居家生活与服装购物
1488,lack,-,n./v.,缺乏；不足/缺少；没有,中考考纲词汇,03_饮食烹饪与健康医疗
1489,ladder,-,n.,梯子；阶梯,中考考纲词汇,08_职业工作与社会科技
1490,lag,-,v./n.,落后；间隔；时间差,中考考纲词汇,06_交通出行与地理旅游
1491,lamb,-,n.,羔羊,中考考纲词汇,07_自然生态与天气动植物
1492,lame,-,adj.,跛的；瘸的；（解释或接口）无说服力的,中考考纲词汇,03_饮食烹饪与健康医疗
1493,lament,-,n../v.,悲伤；哀悼/哀悼；对...感到悔恨,中考考纲词汇,03_饮食烹饪与健康医疗
1494,landfill,-,n.,垃圾填埋地；垃圾填埋,中考考纲词汇,05_居家生活与服装购物
1495,landing,-,n.,着陆；登陆,中考考纲词汇,06_交通出行与地理旅游
1496,landlady,-,n.,女房东；女地主,中考考纲词汇,06_交通出行与地理旅游
1497,landlord,-,n.,地主；房东；（酒吧）店主,中考考纲词汇,06_交通出行与地理旅游
1498,landmark,-,n.,地标,中考考纲词汇,06_交通出行与地理旅游
1499,landscape,-,n./v.,风景；地貌；对...进行景观美化,中考考纲词汇,06_交通出行与地理旅游
1500,lane,-,n.,小巷；车道,中考考纲词汇,06_交通出行与地理旅游
1501,language,-,n.,语言,中考考纲词汇,08_职业工作与社会科技
1502,lantern,-,n.,提灯；灯笼,中考考纲词汇,05_居家生活与服装购物
1503,lap,-,n.,大腿部；下摆；环节；一圈,中考考纲词汇,03_饮食烹饪与健康医疗
1504,laptop,-,n.,笔记本电脑,中考考纲词汇,02_学校教育与学科学习
1505,latin,-,adj./n.,拉丁语的，拉丁人的/拉丁人，拉丁语,中考考纲词汇,01_个人家庭与人际交往
1506,latitude,-,n.,纬度,中考考纲词汇,08_职业工作与社会科技
1507,laughter,-,n.,笑；笑声,中考考纲词汇,08_职业工作与社会科技
1508,launch,-,v.,发射；发布；推出；发起,中考考纲词汇,09_核心行为与动作动词
1509,laundry,-,n.,洗衣店；要（或正在）洗的衣服；刚洗好的衣服,中考考纲词汇,05_居家生活与服装购物
1510,lavatory,-,n.,盥洗室、厕所,中考考纲词汇,08_职业工作与社会科技
1511,law,-,n.,法律；规律；定理,中考考纲词汇,02_学校教育与学科学习
1512,lawn,-,n.,草地；草坪,中考考纲词汇,07_自然生态与天气动植物
1513,lay,-,v.,产；放置；铺设,中考考纲词汇,09_核心行为与动作动词
1514,lay-off,-,n.,（因岗位不足的）解雇；裁员；歇工期,中考考纲词汇,03_饮食烹饪与健康医疗
1515,layer,-,n.,层,中考考纲词汇,08_职业工作与社会科技
1516,layout,-,n.,设计；布局,中考考纲词汇,08_职业工作与社会科技
1517,lead,-,n.,铅,中考考纲词汇,08_职业工作与社会科技
1518,leaflet,-,n./v.,传单；散发传单,中考考纲词汇,09_核心行为与动作动词
1519,league,-,n.,联赛；联盟；同盟,中考考纲词汇,08_职业工作与社会科技
1520,leak,-,v./n.,泄露/漏洞，裂缝,中考考纲词汇,09_核心行为与动作动词
1521,lean,-,v./adj.,（使）倚靠；倾斜/瘦的；贫乏的,中考考纲词汇,09_核心行为与动作动词
1522,leap,-,v./n.,跳；跃；跳跃,中考考纲词汇,09_核心行为与动作动词
1523,learn,-,v.,学习；得知,中考考纲词汇,02_学校教育与学科学习
1524,lease,-,n./v.,租约/出租；租用,中考考纲词汇,09_核心行为与动作动词
1525,leather,-,n.,皮革；皮衣,中考考纲词汇,03_饮食烹饪与健康医疗
1526,lecturer,-,n.,讲师,中考考纲词汇,02_学校教育与学科学习
1527,legacy,-,n.,遗赠；遗产,中考考纲词汇,08_职业工作与社会科技
1528,legal,-,adj.,法律的；合法的,中考考纲词汇,08_职业工作与社会科技
1529,legislate,-,v.,立法，制定（或通过）法律,中考考纲词汇,08_职业工作与社会科技
1530,lemon,-,n.,柠檬,中考考纲词汇,08_职业工作与社会科技
1531,length,-,n.,长度,中考考纲词汇,08_职业工作与社会科技
1532,lens,-,n.,镜头；透镜,中考考纲词汇,03_饮食烹饪与健康医疗
1533,lesson,-,n.,一堂课；课程；教训,中考考纲词汇,02_学校教育与学科学习
1534,lethal,-,adj.,致命的,中考考纲词汇,10_情感态度与性质修饰
1535,lever,-,n.,杠杆；操纵杆,中考考纲词汇,08_职业工作与社会科技
1536,levy,-,n./v.,税款/征收,中考考纲词汇,09_核心行为与动作动词
1537,liable,-,adj.,有责任的；有...倾向的，可能的,中考考纲词汇,10_情感态度与性质修饰
1538,liar,-,n.,说谎的人,中考考纲词汇,01_个人家庭与人际交往
1539,liberal,-,adj.,慷慨的；大方的；自由主义的,中考考纲词汇,10_情感态度与性质修饰
1540,liberty,-,n.,自由,中考考纲词汇,08_职业工作与社会科技
1541,library,-,n.,图书馆；个人收藏,中考考纲词汇,02_学校教育与学科学习
1542,license,-,n.,执照；许可证,中考考纲词汇,08_职业工作与社会科技
1543,lick,-,v.,舔,中考考纲词汇,09_核心行为与动作动词
1544,lid,-,n.,盖子；眼睑，眼皮,中考考纲词汇,03_饮食烹饪与健康医疗
1545,lifestyle,-,n.,生活方式,中考考纲词汇,08_职业工作与社会科技
1546,lift,-,v./n.,提；抬；提高；（英）电梯（美 elevator）,中考考纲词汇,05_居家生活与服装购物
1547,lightning,-,n./v.,闪电/闪电般的，极快的,中考考纲词汇,07_自然生态与天气动植物
1548,limb,-,n.,肢；树枝,中考考纲词汇,07_自然生态与天气动植物
1549,lime,-,n.,石灰,中考考纲词汇,08_职业工作与社会科技
1550,limit,-,n./v.,限度；界限/限制，限定,中考考纲词汇,09_核心行为与动作动词
1551,linen,-,n.,亚麻布；亚麻织品,中考考纲词汇,08_职业工作与社会科技
1552,liner,-,n.,邮轮；客轮,中考考纲词汇,06_交通出行与地理旅游
1553,linger,-,v.,逗留；流连；继续存留,中考考纲词汇,09_核心行为与动作动词
1554,linguistics,-,n.,语言学,中考考纲词汇,08_职业工作与社会科技
1555,lip,-,n.,嘴唇；（洞口、伤口等的）边缘,中考考纲词汇,03_饮食烹饪与健康医疗
1556,liquid,-,n./adj.,液体；液体的,中考考纲词汇,10_情感态度与性质修饰
1557,liquor,-,n.,烈性酒,中考考纲词汇,08_职业工作与社会科技
1558,list,-,n./v.,一览表；目录。列举；把...列表,中考考纲词汇,09_核心行为与动作动词
1559,literate,-,adj.,有读写能力的,中考考纲词汇,10_情感态度与性质修饰
1560,literature,-,n.,文学；文学作品；文献,中考考纲词汇,02_学校教育与学科学习
1561,lithosphere,-,n.,岩石圈,中考考纲词汇,08_职业工作与社会科技
1562,litter,-,n./v.,垃圾；废弃物；乱丢东西,中考考纲词汇,05_居家生活与服装购物
1563,lively,-,adj.,活泼的；活跃的；栩栩如生的,中考考纲词汇,10_情感态度与性质修饰
1564,liver,-,n.,肝脏,中考考纲词汇,08_职业工作与社会科技
1565,livestock,-,n.,家畜,中考考纲词汇,05_居家生活与服装购物
1566,living room,-,n.,客厅、起居室,中考考纲词汇,05_居家生活与服装购物
1567,load,-,v./n.,装载；装满/负荷；大量,中考考纲词汇,09_核心行为与动作动词
1568,loaf,-,n./v.,一条（面包）/游荡、闲逛,中考考纲词汇,03_饮食烹饪与健康医疗
1569,lobby,-,n./v.,大厅；前厅；游说/游说,中考考纲词汇,06_交通出行与地理旅游
1570,local,-,adj./n.,当地的；本地人,中考考纲词汇,01_个人家庭与人际交往
1571,locate,-,v.,放置；建立；找到,中考考纲词汇,09_核心行为与动作动词
1572,locomotive,-,n.,火车头；机车,中考考纲词汇,03_饮食烹饪与健康医疗
1573,lodge,-,v./n.,租住/小屋；度假屋,中考考纲词汇,06_交通出行与地理旅游
1574,log,-,n.,原木；日志,中考考纲词汇,07_自然生态与天气动植物
1575,logic,-,n.,逻辑学；逻辑,中考考纲词汇,08_职业工作与社会科技
1576,logistics,-,n.,物流；后勤,中考考纲词汇,06_交通出行与地理旅游
1577,logo,-,n.,标识；徽标,中考考纲词汇,08_职业工作与社会科技
1578,logogram,-,n.,语标，缩记符（如& 、@等） ;非字母语言的字符,中考考纲词汇,08_职业工作与社会科技
1579,longitude,-,n.,经度,中考考纲词汇,08_职业工作与社会科技
1580,loom,-,v./n.,（庞然大物或形状模糊之物）隐现；逼近/织布机,中考考纲词汇,09_核心行为与动作动词
1581,loosen,-,v.,解开，松开，放宽,中考考纲词汇,09_核心行为与动作动词
1582,lord,-,n.,（英国）贵族；Lord 阁下；大人；the Lord 上帝,中考考纲词汇,05_居家生活与服装购物
1583,lorry,-,n.,[英]卡车,中考考纲词汇,06_交通出行与地理旅游
1584,loss,-,n.,遗失；损失；亏损,中考考纲词汇,08_职业工作与社会科技
1585,lotion,-,n.,洁肤乳；润肤乳,中考考纲词汇,08_职业工作与社会科技
1586,loudspeaker,-,n.,扬声器；喇叭,中考考纲词汇,08_职业工作与社会科技
1587,lovely,-,adj.,可爱的；令人愉快的,中考考纲词汇,01_个人家庭与人际交往
1588,lover,-,n.,爱好者；（婚外的）情人,中考考纲词汇,04_文体娱乐与节庆风俗
1589,lubricate,-,v.,润滑；加润滑油于,中考考纲词汇,03_饮食烹饪与健康医疗
1590,luggage,-,n.,行李,中考考纲词汇,06_交通出行与地理旅游
1591,lull,-,n./v.,暂停；暂时平静期/使昏昏欲睡,中考考纲词汇,09_核心行为与动作动词
1592,lumber,-,n.,木材；木料,中考考纲词汇,07_自然生态与天气动植物
1593,lump,-,n./v.,块；肿块/使成块状,中考考纲词汇,09_核心行为与动作动词
1594,lunar,-,adj.,月亮的；月球的,中考考纲词汇,04_文体娱乐与节庆风俗
1595,lung,-,n.,肺,中考考纲词汇,08_职业工作与社会科技
1596,luxury,-,n.,奢侈；奢侈品,中考考纲词汇,08_职业工作与社会科技
1597,lyric,-,n./adj.,抒情诗；抒情的,中考考纲词汇,10_情感态度与性质修饰
1598,mad,-,adj.,发疯的；恼火的,中考考纲词汇,10_情感态度与性质修饰
1599,madam,-,n.,夫人；女士；[英]自以为是的小姑娘,中考考纲词汇,01_个人家庭与人际交往
1600,magazine,-,n.,杂志；期刊；弹夹,中考考纲词汇,08_职业工作与社会科技
1601,magic,-,n.,魔术；魔法,中考考纲词汇,08_职业工作与社会科技
1602,magma,-,n.,岩浆,中考考纲词汇,08_职业工作与社会科技
1603,magnet,-,n.,磁铁；吸铁石,中考考纲词汇,08_职业工作与社会科技
1604,magnificent,-,adj.,壮丽的；宏伟的；令人印象深刻的,中考考纲词汇,07_自然生态与天气动植物
1605,magnify,-,v.,放大；夸大,中考考纲词汇,09_核心行为与动作动词
1606,maid,-,n.,女佣，女仆，少女,中考考纲词汇,08_职业工作与社会科技
1607,maiden,-,n.,少女，姑娘,中考考纲词汇,08_职业工作与社会科技
1608,mail,-,n./v.,邮件；邮包；邮政/邮寄,中考考纲词汇,06_交通出行与地理旅游
1609,mainland,-,n.,大陆，本土,中考考纲词汇,08_职业工作与社会科技
1610,maintain,-,v.,维持；维修；坚称,中考考纲词汇,09_核心行为与动作动词
1611,majesty,-,n.,威严；壮观；陛下,中考考纲词汇,08_职业工作与社会科技
1612,major,-,n./v./adj.,[美]主修科目；专业。主修。主要的,中考考纲词汇,02_学校教育与学科学习
1613,make-up,-,n.,化妆品；组成成分；性格,中考考纲词汇,05_居家生活与服装购物
1614,malfunction,-,v.,发生故障,中考考纲词汇,09_核心行为与动作动词
1615,mall,-,n.,购物中心,中考考纲词汇,08_职业工作与社会科技
1616,mammal,-,n.,哺乳动物,中考考纲词汇,07_自然生态与天气动植物
1617,manage,-,v.,管理；设法做到,中考考纲词汇,09_核心行为与动作动词
1618,manager,-,n.,经理，管理人,中考考纲词汇,01_个人家庭与人际交往
1619,mandatory,-,adj.,法定的；强制的,中考考纲词汇,10_情感态度与性质修饰
1620,maneuver,-,n.,策略；技巧；[~s]军事演习,中考考纲词汇,08_职业工作与社会科技
1621,manifest,-,v.,显示；表明,中考考纲词汇,09_核心行为与动作动词
1622,manipulate,-,v.,（熟练的）操作；操纵,中考考纲词汇,09_核心行为与动作动词
1623,mankind,-,n.,人类；男人,中考考纲词汇,01_个人家庭与人际交往
1624,manly,-,adj.,有男子气概的；果断的,中考考纲词汇,10_情感态度与性质修饰
1625,manner,-,n.,举止；礼貌；风俗；方式,中考考纲词汇,04_文体娱乐与节庆风俗
1626,mansion,-,n.,宅第；公馆,中考考纲词汇,08_职业工作与社会科技
1627,mantle,-,n./v.,地幔；斗篷；披风；覆盖,中考考纲词汇,07_自然生态与天气动植物
1628,manual,-,n.,使用手册；指南；手工的,中考考纲词汇,03_饮食烹饪与健康医疗
1629,marathon,-,n.,马拉松,中考考纲词汇,07_自然生态与天气动植物
1630,marble,-,n.,大理石,中考考纲词汇,08_职业工作与社会科技
1631,margin,-,n.,边缘；页边空白；余地,中考考纲词汇,08_职业工作与社会科技
1632,marine,-,adj./n.,海洋的；海生的；海事的/水兵,中考考纲词汇,03_饮食烹饪与健康医疗
1633,maritime,-,adj.,海的，海上的，海事的,中考考纲词汇,10_情感态度与性质修饰
1634,mark,-,n./v.,分数；标记；标志着；给...打分；在...上做记号,中考考纲词汇,02_学校教育与学科学习
1635,market,-,n.,市场；市场需求,中考考纲词汇,05_居家生活与服装购物
1636,marketing,-,n.,市场营销,中考考纲词汇,05_居家生活与服装购物
1637,marry,-,v.,娶，嫁，结婚,中考考纲词汇,01_个人家庭与人际交往
1638,marvel,-,v./n.,感到惊讶，大为赞叹/奇迹,中考考纲词汇,09_核心行为与动作动词
1639,marxism,-,n.,马克思主义,中考考纲词汇,07_自然生态与天气动植物
1640,mason,-,n.,石匠；泥瓦匠,中考考纲词汇,08_职业工作与社会科技
1641,masquerade,-,n./v.,化装舞会；化妆；假扮,中考考纲词汇,09_核心行为与动作动词
1642,massacre,-,n./v.,残杀。屠杀,中考考纲词汇,09_核心行为与动作动词
1643,massive,-,adj.,巨大的；大规模的；庞大的,中考考纲词汇,10_情感态度与性质修饰
1644,master,-,n./v.,硕士；大师。精通；控制,中考考纲词汇,09_核心行为与动作动词
1645,mat,-,n.,地垫,中考考纲词汇,08_职业工作与社会科技
1646,match,-,n./v.,火柴；比赛；匹配的人或物；与...匹配,中考考纲词汇,04_文体娱乐与节庆风俗
1647,mate,-,n.,伙伴；[构成复合词]同伴,中考考纲词汇,01_个人家庭与人际交往
1648,material,-,n./adj.,材料；原料；人才；物质的,中考考纲词汇,01_个人家庭与人际交往
1649,materialism,-,n.,唯物主义；唯物论,中考考纲词汇,08_职业工作与社会科技
1650,maths,-,n.,数学,中考考纲词汇,02_学校教育与学科学习
1651,matriculation,-,n.,注册入大学,中考考纲词汇,02_学校教育与学科学习
1652,matrix,-,n.,矩阵；铸模,中考考纲词汇,08_职业工作与社会科技
1653,matter,-,n./v.,事情；物质/要紧,中考考纲词汇,09_核心行为与动作动词
1654,mattress,-,n.,床垫,中考考纲词汇,05_居家生活与服装购物
1655,mature,-,adj./v.,成熟的；成熟,中考考纲词汇,09_核心行为与动作动词
1656,maximal,-,adj.,最大的,中考考纲词汇,10_情感态度与性质修饰
1657,maximum,-,n.,最大值；最大限度,中考考纲词汇,08_职业工作与社会科技
1658,mayor,-,n.,市长,中考考纲词汇,08_职业工作与社会科技
1659,meadow,-,n.,草地；牧草,中考考纲词汇,07_自然生态与天气动植物
1660,mean,-,adj./v.,卑鄙的；吝啬的/意思是,中考考纲词汇,09_核心行为与动作动词
1661,meantime,-,n.,[in the ~]其间；同时/[for the ~]眼下；暂时,中考考纲词汇,03_饮食烹饪与健康医疗
1662,meanwhile,-,adv.,同时；其间,中考考纲词汇,09_核心行为与动作动词
1663,measure,-,v./n.,测量；衡量；措施,中考考纲词汇,09_核心行为与动作动词
1664,mechanic,-,n.,技工；机械师；机修工,中考考纲词汇,08_职业工作与社会科技
1665,mechanics,-,n.,力学；机械学,中考考纲词汇,08_职业工作与社会科技
1666,mechanism,-,n.,机制；构造,中考考纲词汇,08_职业工作与社会科技
1667,medal,-,n.,勋章，奖章,中考考纲词汇,08_职业工作与社会科技
1668,mediate,-,v.,斡旋；调解,中考考纲词汇,09_核心行为与动作动词
1669,medical,-,adj.,医学的；医疗的,中考考纲词汇,10_情感态度与性质修饰
1670,medicine,-,n.,药；医学,中考考纲词汇,03_饮食烹饪与健康医疗
1671,medieval,-,adj.,中世纪的；守旧的,中考考纲词汇,10_情感态度与性质修饰
1672,mediterranean,-,adj./n.,地中海的；地中海地区的；地中海；地中海地区,中考考纲词汇,10_情感态度与性质修饰
1673,medium,-,n./adj.,媒介；中间的；中等的,中考考纲词汇,10_情感态度与性质修饰
1674,meeting,-,n.,会议；会面,中考考纲词汇,08_职业工作与社会科技
1675,melody,-,n.,乐曲；旋律,中考考纲词汇,04_文体娱乐与节庆风俗
1676,melon,-,n.,瓜、甜瓜,中考考纲词汇,03_饮食烹饪与健康医疗
1677,melt,-,v.,（使）融/熔化,中考考纲词汇,09_核心行为与动作动词
1678,meltdown,-,n.,堆芯熔毁；崩溃,中考考纲词汇,08_职业工作与社会科技
1679,member,-,n.,成员；会员,中考考纲词汇,08_职业工作与社会科技
1680,memorandum,-,n.,备忘录；建议书；=memo,中考考纲词汇,02_学校教育与学科学习
1681,memorial,-,n./adj.,纪念碑/纪念的；悼念的,中考考纲词汇,10_情感态度与性质修饰
1682,mend,-,v.,修理；（使）康复,中考考纲词汇,03_饮食烹饪与健康医疗
1683,mental,-,adj.,精神的；思想上的；智力的,中考考纲词汇,02_学校教育与学科学习
1684,mention,-,v./n.,提及；说起,中考考纲词汇,09_核心行为与动作动词
1685,mentor,-,n.,导师；顾问,中考考纲词汇,08_职业工作与社会科技
1686,menu,-,n.,菜单,中考考纲词汇,08_职业工作与社会科技
1687,merchandise,-,n.,商品,中考考纲词汇,08_职业工作与社会科技
1688,merchant,-,n./adj.,商人/商业的,中考考纲词汇,08_职业工作与社会科技
1689,mercury,-,n.,水银；水星,中考考纲词汇,03_饮食烹饪与健康医疗
1690,mercy,-,n.,仁慈；宽容；怜悯,中考考纲词汇,01_个人家庭与人际交往
1691,merger,-,n.,合并；并归,中考考纲词汇,08_职业工作与社会科技
1692,merry,-,adj.,愉快的；欢乐的；微醉的,中考考纲词汇,10_情感态度与性质修饰
1693,mesmerize,-,v.,吸引；迷住,中考考纲词汇,09_核心行为与动作动词
1694,mess,-,n./v.,混乱，脏乱/弄乱,中考考纲词汇,09_核心行为与动作动词
1695,messenger,-,n.,邮递员；信使,中考考纲词汇,08_职业工作与社会科技
1696,metabolism,-,n.,新陈代谢,中考考纲词汇,08_职业工作与社会科技
1697,metal,-,n.,金属,中考考纲词汇,08_职业工作与社会科技
1698,meteorite,-,n.,陨石,中考考纲词汇,08_职业工作与社会科技
1699,meteorology,-,n.,气象学,中考考纲词汇,07_自然生态与天气动植物
1700,method,-,n.,方法,中考考纲词汇,08_职业工作与社会科技
1701,microbe,-,n.,微生物,中考考纲词汇,02_学校教育与学科学习
1702,microcomputer,-,n.,微型计算机,中考考纲词汇,08_职业工作与社会科技
1703,microphone,-,n.,麦克风；话筒,中考考纲词汇,07_自然生态与天气动植物
1704,microscope,-,n.,显微镜,中考考纲词汇,08_职业工作与社会科技
1705,midday,-,n.,正午；中午,中考考纲词汇,08_职业工作与社会科技
1706,midnight,-,n.,午夜；子夜；半夜,中考考纲词汇,08_职业工作与社会科技
1707,midst,-,n.,中部；中间,中考考纲词汇,08_职业工作与社会科技
1708,might,-,n.,力量，威力,中考考纲词汇,11_语法功能与数词介连词
1709,migrate,-,v.,迁徙；移居,中考考纲词汇,09_核心行为与动作动词
1710,mild,-,adj.,温和的；不严重的,中考考纲词汇,07_自然生态与天气动植物
1711,military,-,adj.,军事的，军用的,中考考纲词汇,10_情感态度与性质修饰
1712,milk,-,n./v.,奶/挤奶,中考考纲词汇,03_饮食烹饪与健康医疗
1713,mill,-,n./v.,磨粉机；磨坊/碾碎；无目的地乱转,中考考纲词汇,09_核心行为与动作动词
1714,millennium,-,n.,一千年；千年期；千禧年,中考考纲词汇,08_职业工作与社会科技
1715,million,-,num.,百万；大量,中考考纲词汇,11_语法功能与数词介连词
1716,mimic,-,v.,模仿；戏仿,中考考纲词汇,09_核心行为与动作动词
1717,mind,-,n.,头脑；思维；思考能力；意见；记忆力,中考考纲词汇,03_饮食烹饪与健康医疗
1718,mine,-,n.,矿场；矿井；地雷,中考考纲词汇,11_语法功能与数词介连词
1719,mineral,-,n.,矿物；矿物质；矿场,中考考纲词汇,08_职业工作与社会科技
1720,miniature,-,adj./n.,微型的；很小的/微缩模型；微型画,中考考纲词汇,04_文体娱乐与节庆风俗
1721,minimal,-,adj.,最小的,中考考纲词汇,10_情感态度与性质修饰
1722,minimum,-,n.,最小值；最小限度,中考考纲词汇,08_职业工作与社会科技
1723,minister,-,n.,部长；大臣；公使,中考考纲词汇,08_职业工作与社会科技
1724,minor,-,n./adj.,[美]辅修科目。不严重的,中考考纲词汇,02_学校教育与学科学习
1725,mint,-,n./v.,薄荷；铸币厂/铸造（硬币）,中考考纲词汇,09_核心行为与动作动词
1726,minus,-,adj./prep.,负的；零以下的；减去,中考考纲词汇,11_语法功能与数词介连词
1727,minute,-,n./adj.,分；分钟；一会儿/细微的,中考考纲词汇,05_居家生活与服装购物
1728,miserable,-,adj.,极不愉快的；痛苦的,中考考纲词汇,03_饮食烹饪与健康医疗
1729,mishap,-,n.,小灾难,中考考纲词汇,08_职业工作与社会科技
1730,mislead,-,v.,误导，欺骗，使误入歧途,中考考纲词汇,09_核心行为与动作动词
1731,miss,-,v.,想念；未注意到,中考考纲词汇,09_核心行为与动作动词
1732,missile,-,n.,导弹；投掷物,中考考纲词汇,08_职业工作与社会科技
1733,mission,-,n.,使命；重要任务；传教团,中考考纲词汇,08_职业工作与社会科技
1734,missionary,-,n.,传教士,中考考纲词汇,08_职业工作与社会科技
1735,mist,-,n.,薄雾；水汽；使视线模糊的东西,中考考纲词汇,03_饮食烹饪与健康医疗
1736,mistake,-,n./v.,错误/误解,中考考纲词汇,09_核心行为与动作动词
1737,mistress,-,n.,女主人；情妇,中考考纲词汇,01_个人家庭与人际交往
1738,mitigate,-,v.,减轻；缓和,中考考纲词汇,09_核心行为与动作动词
1739,mixture,-,n.,混合物,中考考纲词汇,08_职业工作与社会科技
1740,moan,-,n./v.,呻吟；哀悼,中考考纲词汇,09_核心行为与动作动词
1741,mobile,-,adj.,可移动的；流动的,中考考纲词汇,10_情感态度与性质修饰
1742,mock,-,v./adj.,嘲笑；嘲弄/模拟的；假装的,中考考纲词汇,09_核心行为与动作动词
1743,mode,-,n.,模式；方式,中考考纲词汇,08_职业工作与社会科技
1744,model,-,n./v.,模型；模特/使模仿,中考考纲词汇,08_职业工作与社会科技
1745,moderate,-,adj./v.,适度的；温和的；中等的/使缓和,中考考纲词汇,07_自然生态与天气动植物
1746,modern,-,adj.,现代的；近代的,中考考纲词汇,10_情感态度与性质修饰
1747,modest,-,adj.,谦虚的；谦逊的,中考考纲词汇,10_情感态度与性质修饰
1748,modify,-,v.,稍作修改,中考考纲词汇,09_核心行为与动作动词
1749,module,-,n.,模块,中考考纲词汇,08_职业工作与社会科技
1750,moist,-,adj.,潮湿的；湿润的,中考考纲词汇,07_自然生态与天气动植物
1751,molecule,-,n.,分子,中考考纲词汇,05_居家生活与服装购物
1752,moment,-,n.,片刻；时刻,中考考纲词汇,08_职业工作与社会科技
1753,monitor,-,v./n.,监视；监听/监控器，监视器，班长,中考考纲词汇,09_核心行为与动作动词
1754,monk,-,n.,僧侣,中考考纲词汇,08_职业工作与社会科技
1755,monsoon,-,n.,季风；雨季,中考考纲词汇,07_自然生态与天气动植物
1756,monthly,-,adj./adv./n.,每月的/每月一次/月刊,中考考纲词汇,08_职业工作与社会科技
1757,monument,-,n.,纪念碑，历史古迹，典范,中考考纲词汇,02_学校教育与学科学习
1758,mood,-,n.,心情，情绪；气氛,中考考纲词汇,03_饮食烹饪与健康医疗
1759,mop,-,n./v.,拖把；用拖把擦,中考考纲词汇,09_核心行为与动作动词
1760,moral,-,adj./n.,道德上的；有道德的；morals 道德,中考考纲词汇,10_情感态度与性质修饰
1761,morphine,-,n.,吗啡,中考考纲词汇,08_职业工作与社会科技
1762,mortal,-,adj./n.,必死的；致命的/凡人；人类,中考考纲词汇,01_个人家庭与人际交往
1763,mortgage,-,v./n.,抵押（房屋、土地）借款/房贷,中考考纲词汇,05_居家生活与服装购物
1764,mortify,-,v.,使难堪；使羞愧,中考考纲词汇,09_核心行为与动作动词
1765,mosquito,-,n.,蚊子,中考考纲词汇,08_职业工作与社会科技
1766,motion,-,v.,做动作；示意,中考考纲词汇,09_核心行为与动作动词
1767,motivate,-,v.,激发；驱使,中考考纲词汇,09_核心行为与动作动词
1768,motive,-,n.,动机；缘由,中考考纲词汇,08_职业工作与社会科技
1769,motor,-,n./adj.,发动机/机动的,中考考纲词汇,10_情感态度与性质修饰
1770,mould,-,v./n.,浇铸；塑造/模子,中考考纲词汇,09_核心行为与动作动词
1771,mount,-,v./n.,渐渐增加；爬上；登上/山,中考考纲词汇,06_交通出行与地理旅游
1772,mountain,-,n.,山，山岳，高山,中考考纲词汇,06_交通出行与地理旅游
1773,mourn,-,v.,（因失去...而）哀痛；哀悼,中考考纲词汇,03_饮食烹饪与健康医疗
1774,mouse,-,n.,老鼠；鼠标,中考考纲词汇,08_职业工作与社会科技
1775,mouth,-,n.,口；嘴；河口,中考考纲词汇,03_饮食烹饪与健康医疗
1776,movement,-,n.,活动；运动；移动,中考考纲词汇,04_文体娱乐与节庆风俗
1777,movie,-,n.,电影,中考考纲词汇,04_文体娱乐与节庆风俗
1778,mow,-,v./n.,割，修剪/干草堆,中考考纲词汇,07_自然生态与天气动植物
1779,muddy,-,adj.,泥泞的；浑浊的,中考考纲词汇,10_情感态度与性质修饰
1780,muffle,-,v.,使（声音）减弱,中考考纲词汇,09_核心行为与动作动词
1781,mug,-,n.,大杯、马克杯,中考考纲词汇,07_自然生态与天气动植物
1782,multimedia,-,n.,多媒体,中考考纲词汇,08_职业工作与社会科技
1783,multiple,-,n./adj.,倍数。多样的，数量多的,中考考纲词汇,10_情感态度与性质修饰
1784,multiply,-,v.,乘；使相乘；使成倍增加；繁殖,中考考纲词汇,09_核心行为与动作动词
1785,mundane,-,adj.,平凡的；世俗的；世界的,中考考纲词汇,06_交通出行与地理旅游
1786,municipal,-,adj.,市政的，地方政府的,中考考纲词汇,06_交通出行与地理旅游
1787,murder,-,n./v.,谋杀,中考考纲词汇,09_核心行为与动作动词
1788,murmur,-,n./v.,低声说/咕哝；低语,中考考纲词汇,09_核心行为与动作动词
1789,muscle,-,n.,肌肉,中考考纲词汇,03_饮食烹饪与健康医疗
1790,museum,-,n.,博物馆,中考考纲词汇,06_交通出行与地理旅游
1791,mushroom,-,n./v.,蘑菇/呈蘑菇状扩散,中考考纲词汇,09_核心行为与动作动词
1792,musical,-,adj.,音乐的；悦耳的,中考考纲词汇,03_饮食烹饪与健康医疗
1793,mustard,-,n.,芥末、芥菜,中考考纲词汇,08_职业工作与社会科技
1794,mutation,-,n.,突变；变异,中考考纲词汇,08_职业工作与社会科技
1795,mute,-,adj./n.,缄默的；哑的；无声的/哑巴,中考考纲词汇,10_情感态度与性质修饰
1796,mutter,-,v.,低声低语；小声抱怨,中考考纲词汇,09_核心行为与动作动词
1797,mutton,-,n.,羊肉,中考考纲词汇,03_饮食烹饪与健康医疗
1798,mutual,-,adj.,相互的；彼此的；共同的,中考考纲词汇,10_情感态度与性质修饰
1799,mysterious,-,adj.,神秘的；不可思议的,中考考纲词汇,10_情感态度与性质修饰
1800,nail,-,n./v.,指甲；钉子；（用钉子）钉住,中考考纲词汇,03_饮食烹饪与健康医疗
1801,naive,-,adj.,天真的；幼稚的,中考考纲词汇,10_情感态度与性质修饰
1802,naked,-,adj.,裸体的；赤条条的,中考考纲词汇,10_情感态度与性质修饰
1803,nap,-,n.,小睡；绒毛,中考考纲词汇,08_职业工作与社会科技
1804,narrate,-,v.,讲（故事）；叙述,中考考纲词汇,09_核心行为与动作动词
1805,narrow,-,adj./n.,狭窄的；有极限的,中考考纲词汇,10_情感态度与性质修饰
1806,nasty,-,adj.,下流的；肮脏的；险恶的,中考考纲词汇,10_情感态度与性质修饰
1807,nation,-,n.,国家；民族；国民,中考考纲词汇,05_居家生活与服装购物
1808,native,-,adj./n.,本土的；本地人,中考考纲词汇,01_个人家庭与人际交往
1809,natural,-,adj.,自然的,中考考纲词汇,07_自然生态与天气动植物
1810,nature,-,n.,自然,中考考纲词汇,07_自然生态与天气动植物
1811,naughty,-,adj.,淘气的；顽皮的,中考考纲词汇,03_饮食烹饪与健康医疗
1812,naval,-,adj.,海军的,中考考纲词汇,10_情感态度与性质修饰
1813,navigate,-,v.,航行；横渡,中考考纲词汇,06_交通出行与地理旅游
1814,navigation,-,n.,航海；航行,中考考纲词汇,06_交通出行与地理旅游
1815,necessity,-,n.,必需品；必要,中考考纲词汇,08_职业工作与社会科技
1816,neck,-,n.,脖子；衣领；海峡,中考考纲词汇,03_饮食烹饪与健康医疗
1817,necklace,-,n.,项链,中考考纲词汇,05_居家生活与服装购物
1818,needle,-,n.,针,中考考纲词汇,03_饮食烹饪与健康医疗
1819,negative,-,adj.,怀疑的，消极的,中考考纲词汇,10_情感态度与性质修饰
1820,neglect,-,v./n.,忽视；忽略,中考考纲词汇,09_核心行为与动作动词
1821,negligible,-,adj.,可以忽略的；微不足道的,中考考纲词汇,03_饮食烹饪与健康医疗
1822,negotiate,-,v.,协商；谈判,中考考纲词汇,09_核心行为与动作动词
1823,negotiation,-,n.,谈判，协商,中考考纲词汇,08_职业工作与社会科技
1824,neighborhood,-,n.,街坊；居住区；周边地区,中考考纲词汇,08_职业工作与社会科技
1825,nephew,-,n.,侄子；外甥,中考考纲词汇,08_职业工作与社会科技
1826,nerve,-,n.,神经；紧张；焦虑,中考考纲词汇,08_职业工作与社会科技
1827,nest,-,n.,巢；窝；穴,中考考纲词汇,08_职业工作与社会科技
1828,network,-,n.,网络,中考考纲词汇,08_职业工作与社会科技
1829,neutral,-,adj.,中立的；中立国的,中考考纲词汇,10_情感态度与性质修饰
1830,new zealand,-,n.,新西兰,中考考纲词汇,06_交通出行与地理旅游
1831,niece,-,n.,侄女；外甥女,中考考纲词汇,08_职业工作与社会科技
1832,night,-,n.,夜；夜间；晚上；夜场,中考考纲词汇,08_职业工作与社会科技
1833,nightmare,-,n.,噩梦，梦魇,中考考纲词汇,08_职业工作与社会科技
1834,nobility,-,n.,高尚的品质；贵族,中考考纲词汇,05_居家生活与服装购物
1835,nocturnal,-,adj.,夜间活动的,中考考纲词汇,10_情感态度与性质修饰
1836,nominate,-,v.,报名；任命,中考考纲词汇,09_核心行为与动作动词
1837,norm,-,n.,标准；[~s]行为准则；规范,中考考纲词汇,08_职业工作与社会科技
1838,normal,-,adj.,正常的；正规的；规范的,中考考纲词汇,10_情感态度与性质修饰
1839,northeast,-,n./adj. Snow in October is nothing strange in northeast,China,中考考纲词汇,10_情感态度与性质修饰
1840,northwest,-,n./adj. There is a large hilly area in the,northwest,中考考纲词汇,10_情感态度与性质修饰
1841,nostalgia,-,n.,思乡之情；怀旧之情,中考考纲词汇,08_职业工作与社会科技
1842,notify,-,v.,通知，告知,中考考纲词汇,08_职业工作与社会科技
1843,notorious,-,adj.,名声狼藉的,中考考纲词汇,07_自然生态与天气动植物
1844,noun,-,n.,名词,中考考纲词汇,08_职业工作与社会科技
1845,nourish,-,v.,滋养；给...提供营养,中考考纲词汇,03_饮食烹饪与健康医疗
1846,novice,-,n.,新手,中考考纲词汇,03_饮食烹饪与健康医疗
1847,noxious,-,adj.,有害的,中考考纲词汇,10_情感态度与性质修饰
1848,nuance,-,n.,细微差别,中考考纲词汇,08_职业工作与社会科技
1849,nuclear,-,adj.,原子核的；核能的；核武器的,中考考纲词汇,08_职业工作与社会科技
1850,nuisance,-,n.,讨厌或麻烦的人或物,中考考纲词汇,01_个人家庭与人际交往
1851,numerate,-,adj.,识数的；有计算能力的,中考考纲词汇,10_情感态度与性质修饰
1852,nurse,-,n.,护士；保姆/狐狸,中考考纲词汇,03_饮食烹饪与健康医疗
1853,nursery,-,n./adj.,托儿所、托儿所的,中考考纲词汇,10_情感态度与性质修饰
1854,nut,-,n.,坚果、螺母,中考考纲词汇,08_职业工作与社会科技
1855,nutrient,-,n.,营养物质,中考考纲词汇,03_饮食烹饪与健康医疗
1856,nylon,-,n.,尼龙,中考考纲词汇,08_职业工作与社会科技
1857,oar,-,n./v.,桨/用桨划,中考考纲词汇,09_核心行为与动作动词
1858,oasis,-,n.,绿洲；宜人之地,中考考纲词汇,06_交通出行与地理旅游
1859,oath,-,n.,誓言；宣誓,中考考纲词汇,08_职业工作与社会科技
1860,obesity,-,n.,（过度）肥胖；肥胖症,中考考纲词汇,08_职业工作与社会科技
1861,obey,-,v.,服从；顺从,中考考纲词汇,09_核心行为与动作动词
1862,object,-,n./v.,物体；目标。反对,中考考纲词汇,09_核心行为与动作动词
1863,objective,-,n./adj.,宗旨；目标/客观的,中考考纲词汇,10_情感态度与性质修饰
1864,obligation,-,n.,义务；责任,中考考纲词汇,08_职业工作与社会科技
1865,oblige,-,v.,迫使；强迫；帮忙,中考考纲词汇,09_核心行为与动作动词
1866,oblivious,-,adj.,不知道的；未注意的,中考考纲词汇,10_情感态度与性质修饰
1867,obscure,-,adj.,难以理解的,中考考纲词汇,10_情感态度与性质修饰
1868,observatory,-,n.,天文台,中考考纲词汇,08_职业工作与社会科技
1869,observe,-,v.,观察；观测；注意到,中考考纲词汇,09_核心行为与动作动词
1870,obsess,-,v.,（是）痴迷、心神不宁,中考考纲词汇,09_核心行为与动作动词
1871,obstacle,-,n.,障碍；障碍物,中考考纲词汇,08_职业工作与社会科技
1872,obstruct,-,v.,阻塞、妨碍,中考考纲词汇,09_核心行为与动作动词
1873,obtain,-,v.,获得；得到,中考考纲词汇,09_核心行为与动作动词
1874,obtrusive,-,adj.,过分炫耀的；过分突出的；扎眼的,中考考纲词汇,03_饮食烹饪与健康医疗
1875,occasion,-,n.,场合；时机；机会,中考考纲词汇,08_职业工作与社会科技
1876,occupation,-,n.,占领，占据；职业,中考考纲词汇,08_职业工作与社会科技
1877,occur,-,v.,发生，出现,中考考纲词汇,09_核心行为与动作动词
1878,ocean,-,n.,海洋；洋,中考考纲词汇,06_交通出行与地理旅游
1879,oceania,-,n.,大洋洲,中考考纲词汇,06_交通出行与地理旅游
1880,odd,-,adj.,奇数的；古怪的,中考考纲词汇,10_情感态度与性质修饰
1881,offend,-,v.,冒犯；犯罪；违反,中考考纲词汇,09_核心行为与动作动词
1882,offer,-,n./v.,给予（物）；提议/提供；出（价）,中考考纲词汇,09_核心行为与动作动词
1883,office,-,n.,办公室；要职；官职；[Office]部、局、厅,中考考纲词汇,08_职业工作与社会科技
1884,official,-,adj.,正式的；官方的,中考考纲词汇,10_情感态度与性质修饰
1885,offset,-,v./n.,补偿；抵消,中考考纲词汇,09_核心行为与动作动词
1886,offspring,-,n.,后代；子孙；产物,中考考纲词汇,06_交通出行与地理旅游
1887,olive,-,n.,橄榄；橄榄树,中考考纲词汇,08_职业工作与社会科技
1888,olympic,-,adj./n.,奥林匹克运动会,中考考纲词汇,04_文体娱乐与节庆风俗
1889,omit,-,v.,遗漏 ；省略；删去,中考考纲词汇,09_核心行为与动作动词
1890,ongoing,-,adj.,进行中的；继续存在的,中考考纲词汇,10_情感态度与性质修饰
1891,onion,-,n.,洋葱,中考考纲词汇,03_饮食烹饪与健康医疗
1892,ooze,-,v.,(浓液等,中考考纲词汇,09_核心行为与动作动词
1893,opacity,-,n.,不透明性,中考考纲词汇,08_职业工作与社会科技
1894,opening,-,adj./n.,开始的/开始；开端,中考考纲词汇,10_情感态度与性质修饰
1895,opera,-,n.,歌剧,中考考纲词汇,04_文体娱乐与节庆风俗
1896,operate,-,v.,操作；运营；做手术,中考考纲词汇,03_饮食烹饪与健康医疗
1897,operation,-,n.,手术；操作；经营；运转,中考考纲词汇,03_饮食烹饪与健康医疗
1898,opinion,-,n.,看法；评价,中考考纲词汇,08_职业工作与社会科技
1899,opportunity,-,n.,机会；时机,中考考纲词汇,08_职业工作与社会科技
1900,oppose,-,v.,反对，抵制,中考考纲词汇,09_核心行为与动作动词
1901,oppress,-,v.,压迫；压制；使压抑,中考考纲词汇,09_核心行为与动作动词
1902,opt,-,v.,选择,中考考纲词汇,09_核心行为与动作动词
1903,optical,-,adj.,视觉的；光学的,中考考纲词汇,10_情感态度与性质修饰
1904,optics,-,n.,光学,中考考纲词汇,08_职业工作与社会科技
1905,optimal,-,adj.,最佳的；最理想的,中考考纲词汇,10_情感态度与性质修饰
1906,optimistic,-,adj.,乐观主义的；乐观的,中考考纲词汇,10_情感态度与性质修饰
1907,oral,-,adj.,口头的,中考考纲词汇,03_饮食烹饪与健康医疗
1908,orange,-,n.,橙子,中考考纲词汇,03_饮食烹饪与健康医疗
1909,orbit,-,n.,轨道,中考考纲词汇,08_职业工作与社会科技
1910,orchestra,-,n.,管弦乐队,中考考纲词汇,04_文体娱乐与节庆风俗
1911,order,-,n./v.,次序；整齐/命令,中考考纲词汇,09_核心行为与动作动词
1912,ore,-,n.,矿石；矿,中考考纲词汇,08_职业工作与社会科技
1913,organ,-,n.,器官；手风琴；机构,中考考纲词汇,03_饮食烹饪与健康医疗
1914,organism,-,n.,有机体；生物,中考考纲词汇,02_学校教育与学科学习
1915,organization,-,n.,组织；团体；机构,中考考纲词汇,08_职业工作与社会科技
1916,oriental,-,adj.,东方的（尤其指中日）,中考考纲词汇,06_交通出行与地理旅游
1917,orientation,-,n.,迎新会；方向,中考考纲词汇,06_交通出行与地理旅游
1918,originate,-,v.,发源；来自；创始,中考考纲词汇,09_核心行为与动作动词
1919,ornament,-,n./v.,装饰品；装饰,中考考纲词汇,09_核心行为与动作动词
1920,orphan,-,n./v.,孤儿/使成为孤儿,中考考纲词汇,01_个人家庭与人际交往
1921,ounce,-,n.,盎司；少量,中考考纲词汇,08_职业工作与社会科技
1922,outcome,-,n.,结果,中考考纲词汇,08_职业工作与社会科技
1923,outdoor,-,adj.,户外的；室外的,中考考纲词汇,10_情感态度与性质修饰
1924,outfit,-,adj./n.,全套服装；全套装备；配备；装备,中考考纲词汇,05_居家生活与服装购物
1925,outline,-,n.,概要；轮廓,中考考纲词汇,08_职业工作与社会科技
1926,outlook,-,n.,观点；展望；前景,中考考纲词汇,06_交通出行与地理旅游
1927,outset,-,n.,开端；开始,中考考纲词汇,08_职业工作与社会科技
1928,outside,-,adj./n.,外部的/外表,中考考纲词汇,11_语法功能与数词介连词
1929,outskirts,-,n.,郊区；市郊,中考考纲词汇,08_职业工作与社会科技
1930,outstanding,-,adj.,突出的；杰出的,中考考纲词汇,10_情感态度与性质修饰
1931,outward,-,adj./adv.,向外的/向外,中考考纲词汇,09_核心行为与动作动词
1932,oven,-,n.,烤炉、烤箱,中考考纲词汇,08_职业工作与社会科技
1933,overall,-,n./adj.,（英）（工作时穿的）罩衣；全面的,中考考纲词汇,05_居家生活与服装购物
1934,overcoat,-,n.,大衣,中考考纲词汇,05_居家生活与服装购物
1935,overestimate,-,v.,高估,中考考纲词汇,09_核心行为与动作动词
1936,overlap,-,v.,与...复叠；（与...）部分相同,中考考纲词汇,05_居家生活与服装购物
1937,overlook,-,v.,远眺；俯瞰；未注意到,中考考纲词汇,09_核心行为与动作动词
1938,overnight,-,adv.,在晚上；突然；一夜之间,中考考纲词汇,09_核心行为与动作动词
1939,overseas,-,adj./adv.,海外的；外国的/向海外；在海外,中考考纲词汇,09_核心行为与动作动词
1940,oversee,-,v.,监督；监管,中考考纲词汇,09_核心行为与动作动词
1941,overshadow,-,v.,隐蔽；使黯然失色,中考考纲词汇,09_核心行为与动作动词
1942,overtake,-,v.,追上，超过；（情感）压倒,中考考纲词汇,09_核心行为与动作动词
1943,overweight,-,adj./n./v.,超重的；过胖的/超重/使超重；过于重视,中考考纲词汇,09_核心行为与动作动词
1944,overwhelming,-,adj.,压倒性的,中考考纲词汇,10_情感态度与性质修饰
1945,overwork,-,n./v.,过度操劳；过度工作/（使）过度工作,中考考纲词汇,08_职业工作与社会科技
1946,owe,-,v.,欠；应把...归功于；欠，感激,中考考纲词汇,09_核心行为与动作动词
1947,owl,-,n.,猫头鹰,中考考纲词汇,03_饮食烹饪与健康医疗
1948,ownership,-,n.,所有权；物主身份,中考考纲词汇,08_职业工作与社会科技
1949,ox,-,n.,（阉割的）公牛,中考考纲词汇,07_自然生态与天气动植物
1950,oxide,-,n.,氧化物,中考考纲词汇,08_职业工作与社会科技
1951,oxygen,-,n.,氧气,中考考纲词汇,08_职业工作与社会科技
1952,ozone,-,n.,臭氧,中考考纲词汇,08_职业工作与社会科技
1953,pace,-,n./v.,步速；速度；步调；节奏；来回踱步,中考考纲词汇,04_文体娱乐与节庆风俗
1954,pacific,-,adj./n.,平静的；平和的；太平洋的；太平洋,中考考纲词汇,10_情感态度与性质修饰
1955,package,-,n./v.,包裹；盒；包/包装,中考考纲词汇,09_核心行为与动作动词
1956,packet,-,n.,包装盒；小件包裹,中考考纲词汇,08_职业工作与社会科技
1957,pad,-,n./v.,衬垫；便签本；（用软材料）填塞,中考考纲词汇,09_核心行为与动作动词
1958,pagoda,-,n.,佛塔,中考考纲词汇,08_职业工作与社会科技
1959,pail,-,n.,（尤美-通常是金属或者木质的）桶；提桶,中考考纲词汇,08_职业工作与社会科技
1960,pain,-,n./v.,痛苦；疼痛/使痛苦,中考考纲词汇,03_饮食烹饪与健康医疗
1961,painstaking,-,adj.,极其仔细的；辛苦的,中考考纲词汇,03_饮食烹饪与健康医疗
1962,painter,-,n.,画家；油漆匠,中考考纲词汇,03_饮食烹饪与健康医疗
1963,painting,-,n.,油画；会话；画作；涂漆,中考考纲词汇,03_饮食烹饪与健康医疗
1964,palm,-,n./v.,棕榈树；手掌/把...藏在手中,中考考纲词汇,03_饮食烹饪与健康医疗
1965,pamphlet,-,n.,小册子,中考考纲词汇,08_职业工作与社会科技
1966,pan,-,n.,平底锅、[美]烤盘,中考考纲词汇,08_职业工作与社会科技
1967,panda,-,n.,熊猫,中考考纲词汇,07_自然生态与天气动植物
1968,pane,-,n.,（一块）玻璃窗,中考考纲词汇,05_居家生活与服装购物
1969,panic,-,n./v.,惊慌，惊恐/（使）惊恐、惊慌,中考考纲词汇,09_核心行为与动作动词
1970,papaya,-,n.,番木瓜,中考考纲词汇,08_职业工作与社会科技
1971,paper,-,n.,论文；纸,中考考纲词汇,02_学校教育与学科学习
1972,paperback,-,n.,简装书；平装书,中考考纲词汇,02_学校教育与学科学习
1973,parachute,-,n.,降落伞,中考考纲词汇,06_交通出行与地理旅游
1974,parade,-,v./n.,游行；炫耀/庆祝游行；列队进行；炫耀,中考考纲词汇,04_文体娱乐与节庆风俗
1975,paradise,-,n.,天堂；乐园；福地,中考考纲词汇,08_职业工作与社会科技
1976,parallel,-,n./adj./v.,平行线；相似之处/平行的/与...相似；比得上,中考考纲词汇,09_核心行为与动作动词
1977,paralyse,-,v.,使麻痹；使瘫痪；使无助,中考考纲词汇,09_核心行为与动作动词
1978,parameter,-,n.,参数；起限定作用的因素,中考考纲词汇,08_职业工作与社会科技
1979,paraphrase,-,v./n.,意译；改述,中考考纲词汇,09_核心行为与动作动词
1980,parasite,-,n.,寄生虫,中考考纲词汇,07_自然生态与天气动植物
1981,parcel,-,v./n.,打包；包/土地的一块；包裹,中考考纲词汇,09_核心行为与动作动词
1982,parliament,-,n.,议会、国会,中考考纲词汇,08_职业工作与社会科技
1983,parlour,-,n.,客厅,中考考纲词汇,05_居家生活与服装购物
1984,participate,-,v.,参加；参与,中考考纲词汇,09_核心行为与动作动词
1985,particle,-,n.,颗粒；微粒；极小量,中考考纲词汇,08_职业工作与社会科技
1986,partner,-,n.,伙伴，盟友；合伙人；搭档,中考考纲词汇,01_个人家庭与人际交往
1987,passage,-,n.,通过；通道；走廊,中考考纲词汇,05_居家生活与服装购物
1988,passenger,-,n.,乘客,中考考纲词汇,08_职业工作与社会科技
1989,passive,-,adj.,被动的，消极的,中考考纲词汇,10_情感态度与性质修饰
1990,pasta,-,n.,意大利面食,中考考纲词汇,08_职业工作与社会科技
1991,paste,-,n.,糨糊、面团,中考考纲词汇,08_职业工作与社会科技
1992,pastime,-,n.,娱乐；消遣,中考考纲词汇,08_职业工作与社会科技
1993,patch,-,n./v.,补丁，（与周围不同的）小片；补缀,中考考纲词汇,09_核心行为与动作动词
1994,patent,-,n./v.,专利；专利权；得到...的专利权；给...专利证,中考考纲词汇,08_职业工作与社会科技
1995,path,-,n.,小路,中考考纲词汇,08_职业工作与社会科技
1996,patient,-,n./adj.,病人/有耐心的；能忍耐的,中考考纲词汇,01_个人家庭与人际交往
1997,patriot,-,n.,爱国者,中考考纲词汇,08_职业工作与社会科技
1998,patrol,-,n./v.,巡逻，巡查,中考考纲词汇,09_核心行为与动作动词
1999,patron,-,n.,赞助人；顾客；老主顾,中考考纲词汇,01_个人家庭与人际交往
2000,pattern,-,n.,模式；样式；底样,中考考纲词汇,08_职业工作与社会科技
2001,pause,-,n./v.,暂停，停顿,中考考纲词汇,09_核心行为与动作动词
2002,pave,-,v.,铺（路或地面）,中考考纲词汇,09_核心行为与动作动词
2003,paw,-,n.,（动物的）脚掌；爪子,中考考纲词汇,03_饮食烹饪与健康医疗
2004,payment,-,n.,支付；支付的款项；付款额,中考考纲词汇,03_饮食烹饪与健康医疗
2005,payroll,-,n.,工资名单,中考考纲词汇,08_职业工作与社会科技
2006,pea,-,n.,豌豆,中考考纲词汇,08_职业工作与社会科技
2007,peach,-,n.,桃子,中考考纲词汇,03_饮食烹饪与健康医疗
2008,peak,-,n./v.,山峰；顶点；达到最大值,中考考纲词汇,06_交通出行与地理旅游
2009,pear,-,n.,梨,中考考纲词汇,03_饮食烹饪与健康医疗
2010,pebble,-,n.,鹅卵石,中考考纲词汇,08_职业工作与社会科技
2011,pedal,-,n./v.,踏板；踩踏板,中考考纲词汇,09_核心行为与动作动词
2012,pedestrian,-,n.,步行者；行人,中考考纲词汇,01_个人家庭与人际交往
2013,pedicab,-,n.,（人力）三轮车,中考考纲词汇,01_个人家庭与人际交往
2014,peel,-,v.,剥落；掉漆；脱皮,中考考纲词汇,03_饮食烹饪与健康医疗
2015,peep,-,v./n.,窥视，偷看/偷偷一瞥,中考考纲词汇,09_核心行为与动作动词
2016,peer,-,v./n.,凝视；盯着看/同等地位的人，同辈,中考考纲词汇,01_个人家庭与人际交往
2017,penalty,-,n.,惩罚；处罚,中考考纲词汇,08_职业工作与社会科技
2018,penetrate,-,v.,刺入；穿透；渗透；洞察,中考考纲词汇,05_居家生活与服装购物
2019,penguin,-,n.,企鹅,中考考纲词汇,08_职业工作与社会科技
2020,penicillin,-,n.,青霉素,中考考纲词汇,08_职业工作与社会科技
2021,peninsula,-,n.,半岛,中考考纲词汇,06_交通出行与地理旅游
2022,pepper,-,n.,胡椒粉、柿子树,中考考纲词汇,08_职业工作与社会科技
2023,perceive,-,v.,感知；察觉；意识到,中考考纲词汇,09_核心行为与动作动词
2024,percent,-,n.,百分之...,中考考纲词汇,05_居家生活与服装购物
2025,perennial,-,n./adj.,多年生植物；长期的；持久的,中考考纲词汇,07_自然生态与天气动植物
2026,perfect,-,adj.,完美的,中考考纲词汇,10_情感态度与性质修饰
2027,perform,-,v.,履行；执行,中考考纲词汇,09_核心行为与动作动词
2028,perfume,-,n.,香味、芳香；香水,中考考纲词汇,03_饮食烹饪与健康医疗
2029,peril,-,n.,重大危险，险情，危险,中考考纲词汇,08_职业工作与社会科技
2030,periodically,-,adv.,周期性地；定期地,中考考纲词汇,09_核心行为与动作动词
2031,peripheral,-,adj./n.,外围的/外围设备,中考考纲词汇,08_职业工作与社会科技
2032,perish,-,v.,毁灭；消亡；腐烂,中考考纲词汇,03_饮食烹饪与健康医疗
2033,permanent,-,adj.,永久的,中考考纲词汇,10_情感态度与性质修饰
2034,permit,-,v.,允许；准许,中考考纲词汇,09_核心行为与动作动词
2035,persist,-,v.,坚持不懈；持续存在,中考考纲词汇,09_核心行为与动作动词
2036,personality,-,n.,个性；人格,中考考纲词汇,01_个人家庭与人际交往
2037,personnel,-,n.,人员，职员；人事部门,中考考纲词汇,05_居家生活与服装购物
2038,perspective,-,n.,景观；观点,中考考纲词汇,08_职业工作与社会科技
2039,persuade,-,v.,说服；使相信,中考考纲词汇,09_核心行为与动作动词
2040,pervade,-,v.,弥漫；渗透；遍及,中考考纲词汇,09_核心行为与动作动词
2041,pessimistic,-,adj.,悲观的；悲观主义的,中考考纲词汇,10_情感态度与性质修饰
2042,pest,-,n.,害虫；有害动物,中考考纲词汇,07_自然生态与天气动植物
2043,petition,-,v./n.,请求/请愿书；上诉,中考考纲词汇,02_学校教育与学科学习
2044,petrol,-,n.,[英]汽油,中考考纲词汇,03_饮食烹饪与健康医疗
2045,petroleum,-,n.,石油,中考考纲词汇,03_饮食烹饪与健康医疗
2046,pharmacy,-,n.,药店；药剂学,中考考纲词汇,03_饮食烹饪与健康医疗
2047,phase,-,n.,阶段；时期,中考考纲词汇,08_职业工作与社会科技
2048,phenomenon,-,n.,现象,中考考纲词汇,07_自然生态与天气动植物
2049,philosophy,-,n.,哲学,中考考纲词汇,02_学校教育与学科学习
2050,phone,-,n.,电话,中考考纲词汇,08_职业工作与社会科技
